code	company_name
1376	カネコ種苗株式会社
1377	株式会社　サカタのタネ
1375	株式会社雪国まいたけ
1379	ホクト株式会社
1381	株式会社アクシーズ
1382	株式会社ホーブ
1911	住友林業株式会社
1301	株式会社　極洋
1332	株式会社ニッスイ
1333	マルハニチロ株式会社
5711	三菱マテリアル株式会社
5713	住友金属鉱山株式会社
5706	三井金属鉱業株式会社
5729	日本精鉱株式会社
1491	中外鉱業株式会社
5714	ＤＯＷＡホールディングス株式会社
3315	日本コークス工業株式会社
5715	古河機械金属株式会社
9675	常磐興産株式会社
8835	太平洋興発株式会社
7021	株式会社ニッチツ
1515	日鉄鉱業株式会社
1518	三井松島ホールディングス株式会社
1662	石油資源開発株式会社
1605	株式会社ＩＮＰＥＸ
1925	大和ハウス工業株式会社
1801	大成建設株式会社
1803	清水建設株式会社
1802	株式会社大林組
1861	株式会社　熊谷組
1812	鹿島建設株式会社
1887	日本国土開発株式会社
1820	西松建設株式会社
1810	松井建設株式会社
1815	鉄建建設株式会社
1882	東亜道路工業株式会社
1884	日本道路株式会社
1811	株式会社錢高組
1941	株式会社中電工
1942	株式会社関電工
1944	株式会社きんでん
1946	株式会社トーエネック
1892	徳倉建設株式会社
1885	東亜建設工業株式会社
1888	若築建設株式会社
1890	東洋建設株式会社
1833	株式会社奥村組
1821	三井住友建設株式会社
1893	五洋建設株式会社
1808	株式会社　長谷工コーポレーション
1945	株式会社東京エネシス
1814	大末建設株式会社
1951	エクシオグループ株式会社
1822	大豊建設株式会社
1813	株式会社不動テトラ
1926	ライト工業株式会社
1841	サンユー建設株式会社
1827	株式会社ナカノフドー建設
1961	三機工業株式会社
1972	三晃金属工業株式会社
1835	東鉄工業株式会社
1968	太平電業株式会社
1949	住友電設株式会社
1950	日本電設工業株式会社
1847	株式会社イチケン
1850	南海辰村建設株式会社
1964	中外炉工業株式会社
1852	株式会社淺沼組
1826	佐田建設株式会社
1853	株式会社　森組
1897	金下建設株式会社
1934	株式会社ユアテック
1967	株式会社ヤマト
1929	日特建設株式会社
1928	積水ハウス株式会社
1959	株式会社九電工
1860	戸田建設株式会社
1870	矢作建設工業株式会社
1969	高砂熱学工業株式会社
1975	株式会社朝日工業社
8157	都築電気株式会社
1976	明星工業株式会社
8836	株式会社ＲＩＳＥ
1807	株式会社佐藤渡辺
1982	日比谷総合設備株式会社
1960	株式会社サンテック
1866	北野建設株式会社
1898	世紀東急工業株式会社
1867	株式会社植木組
1939	株式会社四電工
1992	神田通信機株式会社
1979	株式会社大気社
1938	日本リーテック株式会社
9767	日建工学株式会社
1981	株式会社協和日成
1980	ダイダン株式会社
1899	株式会社福田組
1873	株式会社日本ハウスホールディングス
1869	名工建設株式会社
1914	日本基礎技術株式会社
1930	北陸電気工事株式会社
9743	株式会社丹青社
1966	株式会社　高田工業所
1973	ＮＥＣネッツエスアイ株式会社
1878	大東建託株式会社
1879	新日本建設株式会社
1994	高橋カーテンウォール工業株式会社
1965	株式会社テクノ菱和
1952	新日本空調株式会社
1905	株式会社テノックス
1904	大成温調株式会社
1848	株式会社富士ピー・エス
1844	株式会社大盛工業
1840	株式会社土屋ホールディングス
1828	田辺工業株式会社
1997	暁飯島工業株式会社
1999	サイタホールディングス株式会社
1799	第一建設工業株式会社
1798	株式会社守谷商会
1795	株式会社マサル
1793	株式会社大本組
1788	株式会社三東工業社
1787	株式会社ナカボーテック
1783	株式会社ｆａｎｔａｓｉｓｔａ
1780	株式会社　ヤマウラ
1777	川崎設備工業株式会社
1776	三井住建道路株式会社
1775	富士電機Ｅ＆Ｃ株式会社
1771	日本乾溜工業株式会社
1770	藤田エンジニアリング株式会社
1768	株式会社ソネック
1766	東建コーポレーション株式会社
1764	工藤建設株式会社
1762	株式会社髙松コンストラクショングループ
1758	太洋基礎工業株式会社
1757	株式会社創建エース
1743	コーアツ工業株式会社
1736	株式会社　オーテック
1730	麻生フオームクリート株式会社
8904	株式会社ＡＶＡＮＴＩＡ
1726	株式会社ビーアールホールディングス
1723	日本電技株式会社
1718	美樹工業株式会社
1720	東急建設株式会社
1719	株式会社安藤・間
1716	第一カッター興業株式会社
1721	コムシスホールディングス株式会社
1401	株式会社エムビーエス
1407	株式会社ウエストホールディングス
1414	ショーボンドホールディングス株式会社
2264	森永乳業株式会社
2282	日本ハム株式会社
2281	プリマハム株式会社
2266	六甲バター株式会社
2291	福留ハム株式会社
2292	エスフーズ株式会社
2293	滝沢ハム株式会社
1380	株式会社秋川牧園
2001	株式会社ニップン
2002	株式会社日清製粉グループ本社
2003	日東富士製粉株式会社
2004	昭和産業株式会社
2009	鳥越製粉株式会社
2107	東洋精糖株式会社
2108	日本甜菜製糖株式会社
2109	ＤＭ三井製糖ホールディングス株式会社
2114	フジ日本株式会社
2112	塩水港精糖株式会社
2201	森永製菓株式会社
2209	井村屋グループ株式会社
2204	株式会社中村屋
2206	江崎グリコ株式会社
2211	株式会社不二家
2212	山崎製パン株式会社
2207	名糖産業株式会社
2215	第一屋製パン株式会社
2216	カンロ株式会社
2208	株式会社ブルボン
2217	モロゾフ株式会社
2218	日糧製パン株式会社
2220	亀田製菓株式会社
2221	岩塚製菓株式会社
2222	寿スピリッツ株式会社
2224	株式会社コモ
2226	株式会社湖池屋
3346	ヒロタグループホールディングス株式会社
2501	サッポロホールディングス株式会社
2502	アサヒグループホールディングス株式会社
2503	キリンホールディングス株式会社
2531	宝ホールディングス株式会社
2533	オエノンホールディングス株式会社
2540	養命酒製造株式会社
2267	株式会社ヤクルト本社
2573	北海道コカ・コーラボトリング株式会社
2593	株式会社伊藤園
2579	コカ・コーラボトラーズジャパンホールディングス株式会社
2551	マルサンアイ株式会社
2590	ダイドーグループホールディングス株式会社
2602	日清オイリオグループ株式会社
2607	不二製油グループ本社株式会社
2612	かどや製油株式会社
2613	株式会社Ｊ－オイルミルズ
2801	キッコーマン株式会社
2802	味の素株式会社
2053	中部飼料株式会社
2892	日本食品化工株式会社
2286	林兼産業株式会社
2811	カゴメ株式会社
2871	株式会社ニチレイ
2872	株式会社セイヒョー
4229	群栄化学工業株式会社
2805	ヱスビー食品株式会社
2894	石井食品株式会社
2055	日和産業株式会社
8006	ユアサ・フナショク株式会社
2897	日清食品ホールディングス株式会社
2288	丸大食品株式会社
2875	東洋水産株式会社
2810	ハウス食品グループ本社株式会社
2809	キユーピー株式会社
2806	ユタカフーズ株式会社
2804	ブルドックソース株式会社
250A	シマダヤ株式会社
2901	株式会社ウェルディッシュ
2902	太陽化学株式会社
2903	シノブフーズ株式会社
2268	Ｂ－Ｒ　サーティワン　アイスクリーム株式会社
2904	一正蒲鉾株式会社
2813	和弘食品株式会社
2907	株式会社あじかん
2908	フジッコ株式会社
2910	株式会社ロック・フィールド
2814	佐藤食品工業株式会社
2815	アリアケジャパン株式会社
2911	旭松食品株式会社
2876	株式会社デルソーレ
2594	キーコーヒー株式会社
2914	日本たばこ産業株式会社
2915	ケンコーマヨネーズ株式会社
2916	仙波糖化工業株式会社
2917	株式会社大森屋
2918	わらべや日洋ホールディングス株式会社
2919	株式会社　マルタイ
2877	日東ベスト株式会社
2816	株式会社ダイショー
2058	株式会社ヒガシマル
2830	アヲハタ株式会社
2597	株式会社ユニカフェ
2922	株式会社なとり
2831	はごろもフーズ株式会社
2923	サトウ食品株式会社
2924	イフジ産業株式会社
2818	株式会社ピエトロ
2819	エバラ食品工業株式会社
2926	株式会社　篠崎屋
2928	ＲＩＺＡＰグループ株式会社
3002	グンゼ株式会社
3010	ポラリス・ホールディングス株式会社
3003	ヒューリック株式会社
3001	片倉工業株式会社
3101	東洋紡株式会社
3103	ユニチカ株式会社
3106	倉敷紡績株式会社
3107	ダイワボウホールディングス株式会社
3109	シキボウ株式会社
3111	オーミケンシ株式会社
3123	サイボー株式会社
3116	トヨタ紡織株式会社
3113	株式会社ＵＮＩＶＡ・Ｏａｋホールディングス
3110	日東紡績株式会社
3104	富士紡ホールディングス株式会社
3105	日清紡ホールディングス株式会社
3121	マーチャント・バンカーズ株式会社
3202	ダイトウボウ株式会社
3205	株式会社ダイドーリミテッド
3201	日本毛織株式会社
3204	株式会社トーア紡コーポレーション
3306	日本製麻株式会社
3302	帝国繊維株式会社
3569	セーレン株式会社
3577	東海染工株式会社
3409	北日本紡績株式会社
3529	アツギ株式会社
3571	株式会社ソトー
8091	ニチモウ株式会社
8013	株式会社ナイガイ
3513	イチカワ株式会社
3512	日本フエルト株式会社
3501	ＳＵＭＩＮＯＥ株式会社
3521	エコナックホールディングス株式会社
3526	芦森工業株式会社
3524	日東製網株式会社
3583	オーベクス株式会社
3011	株式会社バナーズ
3591	株式会社ワコールホールディングス
3580	小松マテーレ株式会社
8011	株式会社三陽商会
8127	ヤマトインターナショナル株式会社
8114	株式会社デサント
8111	株式会社ゴールドウイン
8029	株式会社ルックホールディングス
8143	株式会社ラピーヌ
3597	株式会社自重堂
9980	ＭＲＫホールディングス株式会社
3600	株式会社フジックス
3604	川本産業株式会社
3607	株式会社クラウディアホールディングス
7898	株式会社ウッドワン
7822	永大産業株式会社
7897	ホクシン株式会社
7896	セブン工業株式会社
7887	南海プライウッド株式会社
7879	株式会社ノダ
7827	株式会社オービス
7820	ニホンフラッシュ株式会社
3861	王子ホールディングス株式会社
3864	三菱製紙株式会社
3865	北越コーポレーション株式会社
3877	中越パルプ工業株式会社
3878	株式会社巴川コーポレーション
7919	野崎印刷紙業株式会社
3941	レンゴー株式会社
3880	大王製紙株式会社
3944	古林紙工株式会社
7975	株式会社リヒトラブ
3947	ダイナパック株式会社
3946	株式会社トーモク
7984	コクヨ株式会社
3950	ザ・パック株式会社
3945	スーパーバッグ株式会社
3943	大石産業株式会社
8113	ユニ・チャーム株式会社
7987	ナカバヤシ株式会社
3952	中央紙器工業株式会社
3953	大村紙業株式会社
3891	ニッポン高度紙工業株式会社
3954	昭和パックス株式会社
3892	株式会社岡山製紙
3955	株式会社イムラ
3895	ハビックス株式会社
3708	特種東海製紙株式会社
7911	ＴＯＰＰＡＮホールディングス株式会社
7912	大日本印刷株式会社
7914	共同印刷株式会社
7916	光村印刷株式会社
7915	ＮＩＳＳＨＡ株式会社
7918	株式会社ヴィア・ホールディングス
9470	株式会社学研ホールディングス
3948	光ビジネスフォーム株式会社
9471	株式会社文溪堂
7921	株式会社ＴＡＫＡＲＡ　＆　ＣＯＭＰＡＮＹ
7946	株式会社光陽社
7922	三光産業株式会社
7923	トーイン株式会社
3951	朝日印刷株式会社
7901	株式会社マツモト
7893	株式会社プロネクサス
9474	株式会社ゼンリン
7883	サンメッセ株式会社
7875	竹田ｉＰホールディングス株式会社
9475	株式会社昭文社ホールディングス
7870	福島印刷株式会社
9476	株式会社中央経済社ホールディングス
7868	株式会社広済堂ホールディングス
7864	株式会社フジシールインターナショナル
9478	ＳＥホールディングス・アンド・インキュベーションズ株式会社
7857	セキ株式会社
9479	株式会社インプレスホールディングス
7863	株式会社平賀
7850	総合商研株式会社
7849	スターツ出版株式会社
2376	株式会社　サイネックス
2388	株式会社ウェッジホールディングス
7831	株式会社ウイルコホールディングス
4004	株式会社レゾナック・ホールディングス
4005	住友化学株式会社
4008	住友精化株式会社
4021	日産化学株式会社
4022	ラサ工業株式会社
4023	株式会社クレハ
4025	多木化学株式会社
4026	神島化学工業株式会社
4027	テイカ株式会社
4028	石原産業株式会社
4041	日本曹達株式会社
4042	東ソー株式会社
4043	株式会社トクヤマ
4044	セントラル硝子株式会社
4045	東亞合成株式会社
4046	株式会社大阪ソーダ
4047	関東電化工業株式会社
4061	デンカ株式会社
4062	イビデン株式会社
4063	信越化学工業株式会社
4064	日本カーバイド工業株式会社
4078	堺化学工業株式会社
4097	高圧ガス工業株式会社
4091	日本酸素ホールディングス株式会社
4092	日本化学工業株式会社
4094	日本化学産業株式会社
4093	東邦アセチレン株式会社
4031	片倉コープアグリ株式会社
4102	丸尾カルシウム株式会社
4088	エア・ウォーター株式会社
6137	小池酸素工業株式会社
4098	チタン工業株式会社
4462	石原ケミカル株式会社
4109	ステラケミファ株式会社
4082	第一稀元素化学工業株式会社
4188	三菱ケミカルグループ株式会社
4112	保土谷化学工業株式会社
4113	田岡化学工業株式会社
4114	株式会社日本触媒
4182	三菱瓦斯化学株式会社
4151	協和キリン株式会社
4202	株式会社ダイセル
4203	住友ベークライト株式会社
4204	積水化学工業株式会社
4205	日本ゼオン株式会社
4206	アイカ工業株式会社
4996	クミアイ化学工業株式会社
7871	フクビ化学工業株式会社
4216	旭有機材株式会社
4620	藤倉化成株式会社
4221	大倉工業株式会社
4272	日本化薬株式会社
4367	広栄化学株式会社
4220	リケンテクノス株式会社
4222	児玉化学工業株式会社
4183	三井化学株式会社
4099	四国化成ホールディングス株式会社
4100	戸田工業株式会社
4228	積水化成品工業株式会社
5816	オーナンバ株式会社
4531	有機合成薬品工業株式会社
4274	細谷火工株式会社
4362	日本精化株式会社
4186	東京応化工業株式会社
4187	大阪有機化学工業株式会社
7958	天馬株式会社
7942	株式会社ジェイエスピー
7925	前澤化成工業株式会社
7894	丸東産業株式会社
7888	三光合成株式会社
7886	ヤマト　モビリティ　＆　Ｍｆｇ．株式会社
4960	ケミプロ化成株式会社
4242	株式会社タカギセイコー
3401	帝人株式会社
3402	東レ株式会社
3405	株式会社クラレ
3407	旭化成株式会社
4401	株式会社ＡＤＥＫＡ
4118	株式会社カネカ
4403	日油株式会社
4404	ミヨシ油脂株式会社
4406	新日本理化株式会社
4452	花王株式会社
4471	三洋化成工業株式会社
4461	第一工業製薬株式会社
4409	東邦化学工業株式会社
4463	日華化学株式会社
4365	松本油脂製薬株式会社
4465	株式会社ニイタカ
4611	大日本塗料株式会社
4612	日本ペイントホールディングス株式会社
4613	関西ペイント株式会社
4615	神東塗料株式会社
4616	川上塗料株式会社
4617	中国塗料株式会社
4095	日本パーカライジング株式会社
4119	日本ピグメント株式会社
4619	日本特殊塗料株式会社
4631	ＤＩＣ株式会社
4116	大日精化工業株式会社
4634	ａｒｔｉｅｎｃｅ株式会社
4635	東京インキ株式会社
4633	サカタインクス株式会社
4120	スガイ化学工業株式会社
4623	株式会社アサヒペン
4624	イサム塗料株式会社
4625	アトミクス株式会社
7953	菊水化学工業株式会社
4626	太陽ホールディングス株式会社
4627	ナトコ株式会社
4628	エスケー化研株式会社
4629	大伸化学株式会社
4502	武田薬品工業株式会社
4503	アステラス製薬株式会社
4506	住友ファーマ株式会社
4507	塩野義製薬株式会社
8841	株式会社テーオーシー
4512	わかもと製薬株式会社
4516	日本新薬株式会社
4519	中外製薬株式会社
4551	鳥居薬品株式会社
4521	科研製薬株式会社
4997	日本農薬株式会社
4523	エーザイ株式会社
4524	森下仁丹株式会社
4527	ロート製薬株式会社
4530	久光製薬株式会社
4528	小野薬品工業株式会社
4534	持田製薬株式会社
4559	ゼリア新薬工業株式会社
4536	参天製薬株式会社
4526	理研ビタミン株式会社
4538	扶桑薬品工業株式会社
4539	日本ケミファ株式会社
4549	栄研化学株式会社
4547	キッセイ薬品工業株式会社
4544	Ｈ．Ｕ．グループホールディングス株式会社
4548	生化学工業株式会社
4552	ＪＣＲファーマ株式会社
4553	東和薬品株式会社
4554	富士製薬工業株式会社
4556	株式会社カイノス
4565	ネクセラファーマ株式会社
4568	第一三共株式会社
4569	杏林製薬株式会社
4570	株式会社免疫生物研究所
4572	カルナバイオサイエンス株式会社
4901	富士フイルムホールディングス株式会社
4902	コニカミノルタ株式会社
4911	株式会社資生堂
4912	ライオン株式会社
4914	高砂香料工業株式会社
3553	共和レザー株式会社
7971	東リ株式会社
3551	ダイニック株式会社
4218	ニチバン株式会社
4992	北興化学工業株式会社
4208	ＵＢＥ株式会社
5010	日本精蝋株式会社
4361	川口化学工業株式会社
4998	フマキラー株式会社
4212	積水樹脂株式会社
4995	サンケイ化学株式会社
4366	ダイトーケミックス株式会社
4985	アース製薬株式会社
4540	株式会社ツムラ
4951	エステー株式会社
4410	ハリマ化成グループ株式会社
4231	タイガースポリマー株式会社
4917	株式会社マンダム
4107	伊勢化学工業株式会社
7928	旭化学工業株式会社
7927	ムトー精工株式会社
4957	ヤスハラケミカル株式会社
4958	長谷川香料株式会社
4918	株式会社アイビー化粧品
4919	株式会社ミルボン
4920	株式会社日本色材工業研究所
4966	上村工業株式会社
4967	小林製薬株式会社
4968	荒川化学工業株式会社
4922	株式会社コーセー
4080	株式会社田中化学研究所
4970	東洋合成工業株式会社
4234	株式会社サンエー化研
7856	萩原工業株式会社
4971	メック株式会社
4972	綜研化学株式会社
4368	扶桑化学工業株式会社
4464	株式会社ソフト９９コーポレーション
4994	大成ラミック株式会社
4923	コタ株式会社
4973	日本高純度化学株式会社
4235	ウルトラファブリックス・ホールディングス株式会社
4925	株式会社ハーバー研究所
2927	株式会社ＡＦＣ－ＨＤアムスライフサイエンス
4975	株式会社ＪＣＵ
4241	株式会社アテクト
4976	東洋ドライルーブ株式会社
8131	株式会社ミツウロコグループホールディングス
8132	シナネンホールディングス株式会社
5009	富士興産株式会社
5011	ニチレキグループ株式会社
5013	ユシロ化学工業株式会社
5017	富士石油株式会社
5018	株式会社ＭＯＲＥＳＣＯ
5019	出光興産株式会社
5101	横浜ゴム株式会社
5108	株式会社ブリヂストン
5103	昭和ホールディングス株式会社
5105	ＴＯＹＯ　ＴＩＲＥ株式会社
5195	バンドー化学株式会社
5121	藤倉コンポジット株式会社
5194	相模ゴム工業株式会社
5142	アキレス株式会社
5191	住友理工株式会社
5192	三ツ星ベルト株式会社
5122	オカモト株式会社
4224	ロンシール工業株式会社
5189	櫻護謨株式会社
7282	豊田合成株式会社
5199	不二ラテックス株式会社
5110	住友ゴム工業株式会社
5186	ニッタ株式会社
5161	西川ゴム工業株式会社
5185	株式会社フコク
5184	株式会社ニチリン
5162	株式会社朝日ラバー
7938	株式会社リーガルコーポレーション
7932	株式会社ニッピ
5202	日本板硝子株式会社
5201	ＡＧＣ株式会社
5204	石塚硝子株式会社
7741	ＨＯＹＡ株式会社
5210	日本山村硝子株式会社
5232	住友大阪セメント株式会社
5233	太平洋セメント株式会社
5355	日本坩堝株式会社
5343	ニッコー株式会社
5334	日本特殊陶業株式会社
5333	日本碍子株式会社
5332	ＴＯＴＯ株式会社
5331	ノリタケ株式会社
5302	日本カーボン株式会社
5337	ダントーホールディングス株式会社
5269	日本コンクリート工業株式会社
5268	旭コンクリート工業株式会社
5351	品川リフラクトリーズ株式会社
5357	株式会社　ヨータイ
5363	東京窯業株式会社
5352	黒崎播磨株式会社
5393	ニチアス株式会社
5208	株式会社有沢製作所
5261	リソルホールディングス株式会社
5262	日本ヒューム株式会社
1871	ピーエス・コンストラクション株式会社
5301	東海カーボン株式会社
5391	株式会社エーアンドエーマテリアル
7995	株式会社バルカー
5271	株式会社トーヨーアサノ
5237	株式会社ノザワ
5273	三谷セキサン株式会社
5218	株式会社オハラ
4990	昭和化学工業株式会社
5304	ＳＥＣカーボン株式会社
5277	株式会社スパンクリートコーポレーション
5341	ＡＳＡＨＩ　ＥＩＴＯホールディングス株式会社
5342	ジャニス工業株式会社
5356	美濃窯業株式会社
6971	京セラ株式会社
7979	株式会社松風
5367	株式会社ニッカトー
5214	日本電気硝子株式会社
5388	クニミネ工業株式会社
5279	日本興業株式会社
5280	ヨシコン株式会社
5386	株式会社鶴弥
5216	株式会社倉元製作所
5282	ジオスター株式会社
5384	株式会社フジミインコーポレーテッド
5283	株式会社高見澤
5344	株式会社ＭＡＲＵＷＡ
5284	ヤマウホールディングス株式会社
5285	株式会社ヤマックス
5287	株式会社イトーヨーギョー
5381	Ｍｉｐｏｘ株式会社
5380	新東株式会社
7746	岡本硝子株式会社
5288	アジアパイルホールディングス株式会社
5310	東洋炭素株式会社
5401	日本製鉄株式会社
5408	株式会社中山製鋼所
7231	トピー工業株式会社
5406	株式会社　神戸製鋼所
5631	株式会社日本製鋼所
5632	三菱製鋼株式会社
5482	愛知製鋼株式会社
5410	合同製鐵株式会社
5609	日本鋳造株式会社
5610	大和重工株式会社
5471	大同特殊鋼株式会社
5476	日本高周波鋼業株式会社
5480	日本冶金工業株式会社
5481	山陽特殊製鋼株式会社
5484	東北特殊鋼株式会社
5451	株式会社淀川製鋼所
5461	中部鋼鈑株式会社
5463	丸一鋼管株式会社
5541	大平洋金属株式会社
5563	新日本電工株式会社
5542	新報国マテリアル株式会社
5444	大和工業株式会社
5446	北越メタル株式会社
5423	東京製鐵株式会社
5449	大阪製鐵株式会社
5411	ＪＦＥホールディングス株式会社
5440	共英製鋼株式会社
6326	株式会社　クボタ
5602	株式会社栗本鐵工所
5603	虹技株式会社
5458	高砂鐵工株式会社
5491	日本金属株式会社
6439	中日本鋳工株式会社
5659	日本精線株式会社
5660	神鋼鋼線工業株式会社
5612	日本鋳鉄管株式会社
5607	中央可鍛工業株式会社
5658	日亜鋼業株式会社
6319	株式会社シンニッタン
5445	東京鐵鋼株式会社
5695	パウダーテック株式会社
5697	株式会社サンユウ
3423	株式会社エスイー
5721	株式会社エス・サイエンス
5727	東邦チタニウム株式会社
5852	株式会社アーレスティ
5753	日本伸銅株式会社
5707	東邦亜鉛株式会社
5464	モリ工業株式会社
5938	株式会社ＬＩＸＩＬ
5702	株式会社大紀アルミニウム工業所
5928	アルメタックス株式会社
5757	株式会社ＣＫサンエツ
7414	小野建株式会社
5900	株式会社ダイケン
5726	株式会社大阪チタニウムテクノロジーズ
5856	株式会社エルアイイーエイチ
5741	株式会社ＵＡＣＪ
5742	エヌアイシ・オートテック株式会社
5801	古河電気工業株式会社
5802	住友電気工業株式会社
5803	株式会社フジクラ
5805	ＳＷＣＣ株式会社
5817	ＪＭＡＣＳ株式会社
5819	カナレ電気株式会社
5820	株式会社三ッ星
5821	平河ヒューテック株式会社
5901	東洋製罐グループホールディングス株式会社
5902	ホッカンホールディングス株式会社
5911	株式会社横河ブリッジホールディングス
5915	株式会社駒井ハルテック
5918	瀧上工業株式会社
5922	那須電機鉄工株式会社
5974	中国工業株式会社
5991	日本発條株式会社
5952	アマテイ株式会社
5955	株式会社ワイズホールディングス
5942	日本フイルコン株式会社
6306	日工株式会社
5923	高田機工株式会社
6136	オーエスジー株式会社
5981	東京製綱株式会社
5851	リョービ株式会社
5967	ＴＯＮＥ株式会社
5921	川岸工業株式会社
5975	東プレ株式会社
5929	三和ホールディングス株式会社
5962	浅香工業株式会社
5998	株式会社　アドバネクス
1921	株式会社　巴コーポレーション
5994	株式会社ファインシンター
9930	北沢産業株式会社
5976	高周波熱錬株式会社
5985	サンコール株式会社
5969	株式会社ロブテックス
5992	中央発條株式会社
5905	日本製罐株式会社
5958	三洋工業株式会社
5986	モリテックスチール株式会社
5959	岡部株式会社
5930	文化シヤッター株式会社
6486	イーグル工業株式会社
5936	東洋シヤッター株式会社
5947	リンナイ株式会社
5993	知多鋼業株式会社
5966	京都機械工具株式会社
5950	日本パワーファスニング株式会社
5940	不二サッシ株式会社
5939	株式会社大谷工業
5945	天龍製鋸株式会社
5951	ダイニチ工業株式会社
7939	株式会社研創
5933	アルインコ株式会社
5997	協立エアテック株式会社
5935	元旦ビューティ工業株式会社
6484	株式会社ＫＶＫ
5990	株式会社スーパーツール
5984	兼房株式会社
5988	株式会社パイオラックス
5983	イワブチ株式会社
5973	株式会社トーアミ
5971	株式会社共和工業所
3433	トーカロ株式会社
5909	株式会社　コロナ
5941	株式会社　中西製作所
5987	株式会社オーネックス
5979	カネソウ株式会社
3421	株式会社稲葉製作所
3422	株式会社　Ｊ－ＭＡＸ
6469	株式会社　放電精密加工研究所
6467	株式会社ニチダイ
7841	株式会社遠藤製作所
3431	宮地エンジニアリンググループ株式会社
3435	サンコーテクノ株式会社
3437	特殊電極株式会社
6264	株式会社マルマエ
3442	株式会社ＭＩＥコーポレーション
6013	株式会社タクマ
6018	阪神内燃機工業株式会社
6016	株式会社ジャパンエンジンコーポレーション
6022	株式会社　赤阪鐵工所
6023	ダイハツディーゼル株式会社
6005	三浦工業株式会社
6101	株式会社ツガミ
6103	オークマ株式会社
6104	芝浦機械株式会社
6113	株式会社アマダ
6138	ダイジェット工業株式会社
6131	浜井産業株式会社
6125	株式会社岡本工作機械製作所
6134	株式会社ＦＵＪＩ
6135	株式会社　牧野フライス製作所
6140	旭ダイヤモンド工業株式会社
6141	ＤＭＧ森精機株式会社
6142	富士精工株式会社
6143	株式会社ソディック
6278	ユニオンツール株式会社
6146	株式会社ディスコ
6147	株式会社ヤマザキ
6150	タケダ機械株式会社
6151	日東工器株式会社
6155	高松機械工業株式会社
6158	株式会社和井田製作所
6201	株式会社豊田自動織機
6203	豊和工業株式会社
6208	株式会社石川製作所
6218	エンシュウ株式会社
6217	津田駒工業株式会社
6210	東洋機械金属株式会社
6391	株式会社加地テック
6222	株式会社島精機製作所
6301	株式会社小松製作所
6302	住友重機械工業株式会社
6360	株式会社　東京自働機械製作所
6331	三菱化工機株式会社
6332	月島ホールディングス株式会社
6334	明治機械株式会社
6335	株式会社東京機械製作所
6339	新東工業株式会社
6361	株式会社荏原製作所
6365	株式会社電業社機械製作所
6118	アイダエンジニアリング株式会社
6378	木村化工機株式会社
6342	株式会社太平製作所
6245	株式会社ヒラノテクシード
6111	旭精機工業株式会社
6383	株式会社ダイフク
6381	アネスト岩田株式会社
6310	井関農機株式会社
6316	株式会社丸山製作所
6366	千代田化工建設株式会社
6367	ダイキン工業株式会社
6368	オルガノ株式会社
6369	トーヨーカネツ株式会社
6370	栗田工業株式会社
1963	日揮ホールディングス株式会社
6379	レイズネクスト株式会社
6371	株式会社椿本チエイン
6373	大同工業株式会社
6380	オリエンタルチエン工業株式会社
6390	株式会社加藤製作所
6317	株式会社北川鉄工所
6305	日立建機株式会社
7719	株式会社東京衡機
6728	株式会社　アルバック
6436	アマノ株式会社
6376	日機装株式会社
7259	株式会社アイシン
6448	ブラザー工業株式会社
6445	株式会社ジャノメ
6440	ＪＵＫＩ株式会社
6463	ＴＰＲ株式会社
6471	日本精工株式会社
6472	ＮＴＮ株式会社
6473	株式会社ジェイテクト
6474	株式会社不二越
6479	ミネベアミツミ株式会社
6492	岡野バルブ製造株式会社
6358	酒井重工業株式会社
6393	油研工業株式会社
6395	株式会社タダノ
6325	株式会社タカキタ
6973	協栄産業株式会社
6343	フリージア・マクロス株式会社
6406	フジテック株式会社
6495	株式会社宮入バルブ製作所
6382	トリニティ工業株式会社
6246	株式会社テクノスマート
6346	キクカワエンタープライズ株式会社
4543	テルモ株式会社
6480	日本トムソン株式会社
6357	三精テクノロジーズ株式会社
6396	株式会社宇野澤組鐵工所
6363	株式会社酉島製作所
6282	オイレス工業株式会社
6247	株式会社日阪製作所
7255	株式会社　桜井製作所
6490	株式会社ＰＩＬＬＡＲ
6403	水道機工株式会社
6408	小倉クラッチ株式会社
6494	株式会社ＮＦＫホールディングス
6496	株式会社中北製作所
6457	グローリー株式会社
6347	株式会社プラコー
6497	株式会社ハマイ
6455	株式会社モリタホールディングス
6465	ホシザキ株式会社
7986	日本アイ・エス・ケイ株式会社
6345	株式会社アイチコーポレーション
5946	株式会社長府製作所
6498	株式会社キッツ
6330	東洋エンジニアリング株式会社
6351	株式会社鶴見製作所
6364	北越工業株式会社
6340	澁谷工業株式会社
6349	株式会社小森コーポレーション
6458	新晃工業株式会社
6272	レオン自動機株式会社
6411	中野冷機株式会社
6489	前澤工業株式会社
6273	ＳＭＣ株式会社
6276	シリウスビジョン株式会社
6277	ホソカワミクロン株式会社
6279	株式会社瑞光
6481	ＴＨＫ株式会社
6284	日精エー・エス・ビー機械株式会社
6488	株式会社ヨシタケ
6286	靜甲株式会社
6287	サトーホールディングス株式会社
9895	株式会社コンセック
5953	昭和鉄工株式会社
6289	株式会社技研製作所
6149	株式会社小田原エンジニアリング
6485	前澤給装工業株式会社
6292	株式会社カワタ
6293	日精樹脂工業株式会社
6294	オカダアイヨン株式会社
6418	日本金銭機械株式会社
6297	鉱研工業株式会社
6307	サンセイ株式会社
6309	巴工業株式会社
6312	フロイント産業株式会社
6315	ＴＯＷＡ株式会社
6482	株式会社ユーシン精機
6322	株式会社タクミナ
6324	株式会社ハーモニック・ドライブ・システムズ
6327	北川精機株式会社
6328	荏原実業株式会社
6338	株式会社タカトリ
6466	株式会社ＴＶＥ
6834	株式会社　精工技研
6428	株式会社オーイズミ
6384	株式会社昭和真空
6402	兼松エンジニアリング株式会社
6432	株式会社竹内製作所
6405	鈴茂器工株式会社
6269	三井海洋開発株式会社
6268	ナブテスコ株式会社
6433	ヒーハイスト株式会社
6265	コンバム株式会社
6157	日進工具株式会社
6161	株式会社エスティック
6262	株式会社ＰＥＧＡＳＵＳ
6258	平田機工株式会社
6255	株式会社エヌ・ピー・シー
6254	野村マイクロ・サイエンス株式会社
6501	株式会社日立製作所
6503	三菱電機株式会社
6504	富士電機株式会社
6506	株式会社安川電機
6505	東洋電機製造株式会社
6507	シンフォニアテクノロジー株式会社
6508	株式会社明電舎
6643	株式会社戸上電機製作所
6623	愛知電機株式会社
6622	株式会社ダイヘン
6513	株式会社オリジン
6644	大崎電気工業株式会社
6584	三櫻工業株式会社
6648	株式会社かわでん
6645	オムロン株式会社
6590	芝浦メカトロニクス株式会社
6517	デンヨー株式会社
6651	日東工業株式会社
6653	株式会社正興電機製作所
6333	株式会社帝国電機製作所
6637	寺崎電気産業株式会社
6701	日本電気株式会社
6702	富士通株式会社
6703	沖電気工業株式会社
6741	日本信号株式会社
6742	株式会社京三製作所
6752	パナソニックホールディングス株式会社
6753	シャープ株式会社
6754	アンリツ株式会社
6755	株式会社富士通ゼネラル
6758	ソニーグループ株式会社
6762	ＴＤＫ株式会社
6763	帝国通信工業株式会社
6768	株式会社タムラ製作所
6707	サンケン電気株式会社
6770	アルプスアルパイン株式会社
6775	株式会社ＴＢグループ
6794	フォスター電機株式会社
6848	東亜ディーケーケー株式会社
6745	ホーチキ株式会社
6744	能美防災株式会社
6798	ＳＭＫ株式会社
6516	山洋電気株式会社
6779	日本電波工業株式会社
6800	株式会社ヨコオ
6772	東京コスモス電機株式会社
6776	天昇電気工業株式会社
6804	ホシデン株式会社
6743	大同信号株式会社
6989	北陸電気工業株式会社
6771	池上通信機株式会社
6882	株式会社三社電機製作所
6976	太陽誘電株式会社
6715	株式会社ナカヨ
6807	日本航空電子工業株式会社
6809	ＴＯＡ株式会社
7944	ローランド株式会社
6814	古野電気株式会社
6986	双葉電子工業株式会社
6823	リオン株式会社
6864	株式会社エヌエフホールディングス
6930	日本アンテナ株式会社
6718	アイホン株式会社
6820	アイコム株式会社
1832	株式会社北海電工
6905	コーセル株式会社
6904	原田工業株式会社
6822	大井電気株式会社
6879	株式会社ＩＭＡＧＩＣＡ　ＧＲＯＵＰ
6838	株式会社多摩川ホールディングス
6835	アライドテレシスホールディングス株式会社
6777	ｓａｎｔｅｃ　Ｈｏｌｄｉｎｇｓ株式会社
6724	セイコーエプソン株式会社
6675	サクサ株式会社
6659	株式会社メディアリンクス
6640	Ｉ‐ＰＥＸ株式会社
6841	横河電機株式会社
6845	アズビル株式会社
6923	スタンレー電気株式会社
6588	東芝テック株式会社
6901	澤藤電機株式会社
6844	新電元工業株式会社
6988	日東電工株式会社
6993	大黒屋ホールディングス株式会社
6902	株式会社デンソー
6955	ＦＤＫ株式会社
6706	電気興業株式会社
6995	株式会社東海理化電機製作所
6994	株式会社指月電機製作所
6856	株式会社堀場製作所
6999	ＫＯＡ株式会社
6849	日本光電工業株式会社
6996	ニチコン株式会社
6951	日本電子株式会社
6977	株式会社日本抵抗器製作所
6998	日本タングステン株式会社
6407	ＣＫＤ株式会社
6647	森尾電機株式会社
6444	サンデン株式会社
6981	株式会社村田製作所
6982	株式会社リード
6937	古河電池株式会社
6586	株式会社マキタ
6853	株式会社共和電業
6997	日本ケミコン株式会社
6926	岡谷電機産業株式会社
6925	ウシオ電機株式会社
6144	西部電機株式会社
6803	ティアック株式会社
6969	松尾電機株式会社
6952	カシオ計算機株式会社
6806	ヒロセ電機株式会社
6846	株式会社中央製作所
6592	マブチモーター株式会社
6954	ファナック株式会社
6810	マクセル株式会社
6857	株式会社アドバンテスト
6652	ＩＤＥＣ株式会社
6962	株式会社大真空
6963	ローム株式会社
6964	株式会社サンコー
6965	浜松ホトニクス株式会社
9766	コナミグループ株式会社
6967	新光電気工業株式会社
6958	日本シイエムケイ株式会社
6957	株式会社芝浦電子
6459	大和冷機工業株式会社
6947	株式会社図研
6861	株式会社キーエンス
6946	日本アビオニクス株式会社
6817	スミダコーポレーション株式会社
6943	ＮＫＫスイッチズ株式会社
6594	ニデック株式会社
6862	ミナトホールディングス株式会社
6942	株式会社ソフィアホールディングス
6941	山一電機株式会社
6145	ＮＩＴＴＯＫＵ株式会社
6748	星和電機株式会社
6932	株式会社遠藤照明
6819	伊豆シャボテンリゾート株式会社
6929	日本セラミック株式会社
6928	株式会社エノモト
6920	レーザーテック株式会社
6919	ケル株式会社
6918	株式会社アバールデータ
6915	千代田インテグレ株式会社
7711	助川電気工業株式会社
6914	オプテックスグループ株式会社
6866	日置電機株式会社
6416	桂川電機株式会社
7931	未来工業株式会社
6912	菊水ホールディングス株式会社
6867	リーダー電子株式会社
6420	フクシマガリレイ株式会社
6654	不二電機工業株式会社
6298	ワイエイシイホールディングス株式会社
6908	イリソ電子工業株式会社
7435	株式会社ナ・デックス
6518	三相電機株式会社
6899	ＡＳＴＩ株式会社
6869	シスメックス株式会社
6898	トミタ電機株式会社
6897	株式会社ツインバード
6870	日本フェンオール株式会社
6894	パルステック工業株式会社
6890	株式会社フェローテックホールディングス
6424	株式会社高見沢サイバネティックス
6824	新コスモス電機株式会社
6655	東洋電機株式会社
6871	株式会社日本マイクロニクス
6874	協立電機株式会社
6877	ＯＢＡＲＡ　ＧＲＯＵＰ株式会社
6875	株式会社メガチップス
6855	日本電子材料株式会社
6840	株式会社ＡＫＩＢＡホールディングス
7859	株式会社アルメディオ
6336	株式会社石井表記
6837	株式会社京写
6337	株式会社テセック
6832	アオイ電子株式会社
6797	名古屋電機工業株式会社
6787	株式会社メイコー
6786	株式会社ＲＶＨ
6785	株式会社鈴木
6727	株式会社ワコム
6387	サムコ　株式会社
6769	ザインエレクトロニクス株式会社
6757	株式会社ＯＳＧコーポレーション
6750	エレコム株式会社
6737	ＥＩＺＯ株式会社
6736	サン電子株式会社
6734	株式会社ニューテック
6430	ダイコク電機株式会社
6731	株式会社ピクセラ
6927	ヘリオス　テクノ　ホールディング株式会社
6730	株式会社アクセル
6723	ルネサスエレクトロニクス株式会社
6721	ウインテスト株式会社
6676	株式会社メルコホールディングス
6674	株式会社　ジーエス・ユアサ　コーポレーション
6670	株式会社ＭＣＪ
6668	株式会社アドテックプラズマテクノロジー
6666	リバーエレテック株式会社
6664	株式会社オプトエレクトロニクス
7836	アビックス株式会社
6663	太洋テクノレックス株式会社
6662	株式会社ユビテック
3436	株式会社ＳＵＭＣＯ
7213	レシップホールディングス株式会社
6658	シライ電子工業株式会社
6638	株式会社ミマキエンジニアリング
6635	株式会社大日光・エンジニアリング
6633	株式会社Ｃ＆Ｇシステムズ
3441	株式会社山王
7003	株式会社三井Ｅ＆Ｓ
7004	カナデビア株式会社
7011	三菱重工業株式会社
7012	川崎重工業株式会社
7013	株式会社ＩＨＩ
7014	株式会社名村造船所
7018	内海造船株式会社
7102	日本車輌製造株式会社
7105	三菱ロジスネクスト株式会社
7122	近畿車輛株式会社
7276	株式会社小糸製作所
7201	日産自動車株式会社
7202	いすゞ自動車株式会社
7203	トヨタ自動車株式会社
7205	日野自動車株式会社
7242	カヤバ株式会社
7222	日産車体株式会社
7270	株式会社ＳＵＢＡＲＵ
7246	プレス工業株式会社
7236	株式会社ティラド
7235	東京ラヂエーター製造株式会社
7238	曙ブレーキ工業株式会社
7283	愛三工業株式会社
7261	マツダ株式会社
7267	本田技研工業株式会社
7269	スズキ株式会社
7272	ヤマハ発動機株式会社
7226	極東開発工業株式会社
6042	株式会社ニッキ
7247	株式会社ミクニ
6356	日本ギア工業株式会社
7256	河西工業株式会社
7245	大同メタル工業株式会社
7240	ＮＯＫ株式会社
7244	市光工業株式会社
7250	太平洋工業株式会社
6392	株式会社　ヤマダコーポレーション
7254	株式会社ユニバンス
5644	株式会社メタルアート
6493	株式会社ＮＩＴＴＡＮ
5949	ユニプレス株式会社
7241	フタバ産業株式会社
6470	大豊工業株式会社
7277	株式会社ＴＢＫ
7278	株式会社エクセディ
7279	株式会社ハイレックスコーポレーション
7280	株式会社ミツバ
7239	株式会社タチエス
7211	三菱自動車工業株式会社
7287	日本精機株式会社
7291	日本プラスト株式会社
7292	株式会社村上開明堂
7294	株式会社ヨロズ
7296	株式会社エフ・シー・シー
5989	株式会社エイチワン
7297	株式会社カーメイト
7299	フジオーゼックス株式会社
7273	株式会社イクヨ
7271	株式会社安永
5970	株式会社ジーテクト
7212	株式会社エフテック
7268	株式会社タツミ
7266	株式会社今仙電機製作所
7265	エイケン工業株式会社
7227	アスカ株式会社
7264	株式会社ムロコーポレーション
7229	株式会社ユタカ技研
7220	武蔵精密工業株式会社
7219	株式会社エッチ・ケー・エス
7218	田中精密工業株式会社
7217	株式会社テイン
3434	株式会社アルファ
7215	株式会社ファルテック
7214	ＧＭＢ株式会社
7208	株式会社カネミツ
7224	新明和工業株式会社
7408	株式会社ジャムコ
7309	株式会社シマノ
7305	新家工業株式会社
7701	株式会社　島津製作所
7721	東京計器株式会社
7723	愛知時計電機株式会社
7726	黒田精工株式会社
7727	株式会社オーバル
7731	株式会社ニコン
7733	オリンパス株式会社
7751	キヤノン株式会社
7752	株式会社リコー
8050	セイコーグループ株式会社
7762	シチズン時計株式会社
7734	理研計器株式会社
6850	株式会社チノー
7735	株式会社ＳＣＲＥＥＮホールディングス
7729	株式会社東京精密
6966	株式会社三井ハイテック
7769	リズム株式会社
5957	日東精工株式会社
7732	株式会社　トプコン
7739	キヤノン電子株式会社
7718	スター精密株式会社
7702	株式会社ジェイ・エム・エス（称号　株式会社　ＪＭＳ）
6960	フクダ電子株式会社
7999	ＭＵＴＯＨホールディングス株式会社
6858	株式会社小野測器
6859	エスペック株式会社
7740	株式会社タムロン
3593	株式会社ホギメディカル
7744	ノーリツ鋼機株式会社
7713	シグマ光機株式会社
6888	アクモス株式会社
7771	日本精密株式会社
6323	ローツェ株式会社
7715	長野計器株式会社
7716	株式会社ナカニシ
6788	株式会社日本トリム
7717	株式会社ブイ・テクノロジー
7722	国際計測器株式会社
7725	株式会社インターアクション
7709	クボテック株式会社
7707	プレシジョン・システム・サイエンス株式会社
7730	マニー株式会社
6778	株式会社アルチザネットワークス
6156	株式会社エーワン精密
7745	株式会社Ａ＆Ｄホロンホールディングス
6678	株式会社テクノメディカ
6677	株式会社エスケーエレクトロニクス
4237	フジプレアム株式会社
7747	朝日インテック株式会社
6266	タツモ株式会社
7760	ＩＭＶ株式会社
7749	メディキット株式会社
6656	インスペック株式会社
7774	株式会社ジャパン・ティッシュエンジニアリング
6164	株式会社太陽工機
7951	ヤマハ株式会社
7952	株式会社河合楽器製作所
7992	セーラー万年筆株式会社
7976	三菱鉛筆株式会社
7974	任天堂株式会社
7994	株式会社オカムラ
7972	株式会社イトーキ
7997	株式会社くろがね工作所
7981	タカラスタンダード株式会社
7983	株式会社ミロク
7991	マミヤ・オーピー株式会社
7936	株式会社アシックス
5943	株式会社ノーリツ
7313	テイ・エス　テック株式会社
6454	マックス株式会社
7990	グローブライド株式会社
7980	株式会社　重松製作所
7985	ネポン株式会社
7988	株式会社ニフコ
7284	盟和産業株式会社
7970	信越ポリマー株式会社
7989	立川ブラインド工業株式会社
6961	株式会社エンプラス
7966	リンテック株式会社
7965	象印マホービン株式会社
7963	興研株式会社
7962	株式会社キングジム
7957	フジコピアン株式会社
6412	株式会社平和
7956	ピジョン株式会社
7955	クリナップ株式会社
7950	日本デコラックス株式会社
7949	小松ウオール工業株式会社
5906	エムケー精工株式会社
6413	理想科学工業株式会社
6863	株式会社ニレコ
7947	株式会社エフピコ
7743	株式会社シード
7943	ニチハ株式会社
5187	クリエートメディック株式会社
9697	株式会社カプコン
6417	株式会社三共
6291	日本エアーテック株式会社
7917	ＺＡＣＲＯＳ株式会社
6419	株式会社マースグループホールディングス
7908	株式会社きもと
7906	ヨネックス株式会社
7902	株式会社ソノコム
6907	ジオマテック株式会社
7885	タカノ株式会社
5982	株式会社マルゼン
7878	株式会社光・彩
7877	永大化工株式会社
5956	トーソー株式会社
7874	レック株式会社
5965	株式会社フジマック
7399	株式会社ナンシン
5903	シンポ株式会社
7867	株式会社タカラトミー
6425	株式会社ユニバーサルエンターテインメント
7860	エイベックス株式会社
4816	東映アニメーション株式会社
7851	カワセコンピュータサプライ株式会社
6400	不二精機株式会社
7847	株式会社グラファイトデザイン
7846	株式会社パイロットコーポレーション
7844	株式会社マーベラス
6267	ゼネラルパッカー株式会社
7839	株式会社ＳＨＯＥＩ
7840	フランスベッドホールディングス株式会社
4974	タカラバイオ株式会社
6460	セガサミーホールディングス株式会社
4238	ミライアル株式会社
6159	ミクロン精密株式会社
3791	株式会社ＩＧポート
7832	株式会社バンダイナムコホールディングス
4240	クラスターテクノロジー株式会社
2929	株式会社ファーマフーズ
7826	株式会社フルヤ金属
6257	株式会社藤商事
3851	株式会社日本一ソフトウェア
4369	株式会社　トリケミカル研究所
3439	株式会社三ツ知
7821	前田工繊株式会社
3440	日創プロニティ株式会社
4243	株式会社ニックス
8001	伊藤忠商事株式会社
8002	丸紅株式会社
8007	高島株式会社
8093	極東貿易株式会社
8015	豊田通商株式会社
8020	兼松株式会社
8014	蝶理株式会社
8032	日本紙パルプ商事株式会社
8061	西華産業株式会社
8031	三井物産株式会社
8057	株式会社内田洋行
9274	ＫＰＰグループホールディングス株式会社
8098	稲畑産業株式会社
8084	株式会社ＲＹＯＤＥＮ
8016	株式会社オンワードホールディングス
8075	神鋼商事株式会社
8074	ユアサ商事株式会社
8070	東京産業株式会社
8053	住友商事株式会社
8058	三菱商事株式会社
8041	ＯＵＧホールディングス株式会社
8018	三共生興株式会社
8065	佐藤商事株式会社
8038	東都水産株式会社
3004	神栄株式会社
8291	日産東京販売ホールディングス株式会社
3023	ラサ商事株式会社
3176	三洋貿易株式会社
8101	株式会社ＧＳＩクレオス
8012	長瀬産業株式会社
7485	岡谷鋼機株式会社
8078	阪和興業株式会社
7451	三菱食品株式会社
8051	株式会社山善
8076	株式会社カノークス
8103	明和産業株式会社
8030	中央魚類株式会社
8088	岩谷産業株式会社
1948	株式会社弘電社
8077	トルク株式会社
8039	築地魚市場株式会社
8052	椿本興業株式会社
8043	スターゼン株式会社
2874	横浜冷凍株式会社
8059	第一実業株式会社
8085	ナラサキ産業株式会社
8081	株式会社カナデン
8089	ナイス株式会社
8095	アステナホールディングス株式会社
8025	株式会社ツカモトコーポレーション
8066	三谷商事株式会社
8129	東邦ホールディングス株式会社
8104	クワザワホールディングス株式会社
8056	ＢＩＰＲＯＧＹ株式会社
8045	横浜丸魚株式会社
8046	丸藤シートパイル株式会社
8125	株式会社ワキタ
8008	株式会社ヨンドシーホールディングス
8105	堀田丸正株式会社
8107	株式会社キムラタン
7459	株式会社メディパルホールディングス
8158	ソーダニッカ株式会社
8115	ムーンバット株式会社
8117	中央自動車工業株式会社
8133	伊藤忠エネクス株式会社
8060	キヤノンマーケティングジャパン株式会社
8118	株式会社　キング
8145	中部水産株式会社
8119	株式会社三栄コーポレーション
8123	川辺株式会社
8035	東京エレクトロン株式会社
8136	株式会社サンリオ
8137	サンワテクノス株式会社
8138	三京化成株式会社
8139	株式会社ナガホリ
8141	新光商事株式会社
8142	株式会社トーホー
8144	株式会社デンキョーグループホールディングス
8147	株式会社トミタ
8150	三信電気株式会社
8151	株式会社東陽テクニカ
8152	ソマール株式会社
8153	株式会社モスフードサービス
8154	加賀電子株式会社
8159	株式会社立花エレテック
8040	株式会社東京ソワール
8079	正栄食品工業株式会社
8037	カメイ株式会社
8023	大興電子通信株式会社
8071	東海エレクトロニクス株式会社
4956	コニシ株式会社
8086	ニプロ株式会社
8283	株式会社ＰＡＬＴＡＣ
8285	三谷産業株式会社
8275	株式会社フォーバル
8228	株式会社マルイチ産商
8226	株式会社　理経
9830	トラスコ中山株式会社
9837	モリト株式会社
9842	アークランズ株式会社
9845	株式会社パーカーコーポレーション
9849	株式会社共同紙販ホールディングス
9852	ＣＢグループマネジメント株式会社
9857	英和株式会社
9856	株式会社ケーユーホールディングス
9867	ソレキア株式会社
9869	加藤産業株式会社
9872	北恵株式会社
9880	イノテック株式会社
9885	株式会社　シャルレ
9888	株式会社ＵＥＸ
9889	ＪＢＣＣホールディングス株式会社
9896	ＪＫホールディングス株式会社
9882	株式会社イエローハット
9816	株式会社　ストライダーズ
9818	大丸エナウィン株式会社
9820	エムティジェネックス株式会社
9824	泉州電業株式会社
9827	リリカラ株式会社
9902	株式会社日伝
9906	藤井産業株式会社
9908	日本電計株式会社
9913	日邦産業株式会社
9914	株式会社　植松商会
9929	平和紙業株式会社
9932	杉本商事株式会社
9934	因幡電機産業株式会社
9941	太洋物産株式会社
9955	株式会社ヨンキュウ
3612	株式会社ワールド
9960	東テク株式会社
9962	株式会社　ミスミグループ本社
3598	山喜株式会社
9972	アルテック株式会社
9973	ＫＯＺＯホールディングス株式会社
9982	タキヒヨー株式会社
9984	ソフトバンクグループ株式会社
9986	蔵王産業株式会社
9987	株式会社スズケン
9991	ジェコス株式会社
9996	株式会社サトー商会
8225	株式会社タカチホ
7413	株式会社創健社
7417	株式会社南陽
7420	佐鳥電機株式会社
7422	東邦レマック株式会社
7425	初穂商事株式会社
7426	株式会社　山大
5015	ビーピー・カストロール株式会社
7427	エコートレーディング株式会社
7433	伯東株式会社
7434	株式会社オータケ
7438	コンドーテック株式会社
7442	中山福株式会社
7443	横浜魚類株式会社
7444	ハリマ共和物産株式会社
7447	ナガイレーベン株式会社
7446	東北化学薬品株式会社
3153	八洲電機株式会社
7441	株式会社Ｍｉｓｕｍｉ
7538	株式会社大水
7456	松田産業株式会社
7461	株式会社キムラ
7458	株式会社第一興商
7460	株式会社ヤギ
7463	株式会社アドヴァン
7466	ＳＰＫ株式会社
7467	萩原電気ホールディングス株式会社
7475	アルビス株式会社
7472	株式会社鳥羽洋行
7476	アズワン株式会社
7477	ムラキ株式会社
7481	尾家産業株式会社
7480	スズデン株式会社
7482	株式会社シモジマ
7483	株式会社ドウシシャ
7486	サンリン株式会社
7487	小津産業株式会社
7488	株式会社ヤガミ
7490	日新商事株式会社
7500	西川計測株式会社
7501	株式会社ティムコ
7504	株式会社高速
7510	株式会社たけびし
7521	株式会社ムサシ
7525	リックス株式会社
7527	株式会社システムソフト
7531	清和中央ホールディングス株式会社
7537	丸文株式会社
7539	株式会社アイナボホールディングス
7552	株式会社ハピネット
7551	株式会社ウェッズ
7555	株式会社大田花き
7559	ジーエフシー株式会社
7565	萬世電機株式会社
3420	株式会社ケー・エフ・シー
7228	株式会社デイトナ
7567	株式会社栄電子
7570	橋本総業ホールディングス株式会社
7575	日本ライフライン株式会社
7865	ピープル株式会社
7590	株式会社タカショー
7593	ＶＴホールディングス株式会社
7599	株式会社ＩＤＯＭ
7600	株式会社　日本エム・ディ・エム
7602	株式会社レダックス
7607	株式会社進和
7608	株式会社エスケイジャパン
7609	ダイトロン株式会社
7613	シークス株式会社
7619	田中商事株式会社
7624	株式会社ＮａＩＴＯ
7628	株式会社オーハシテクニカ
4743	株式会社アイティフォー
7635	杉田エース株式会社
2654	株式会社アスモ
3426	アトムリビンテック株式会社
2667	株式会社イメージワン
2668	タビオ株式会社
2670	株式会社エービーシー・マート
2676	高千穂交易株式会社
2689	オルバヘルスケアホールディングス株式会社
2692	伊藤忠食品株式会社
2693	ＹＫＴ株式会社
2700	木徳神糧株式会社
2708	株式会社久世
2715	エレマテック株式会社
2737	株式会社トーメンデバイス
2733	株式会社あらた
2743	ピクセルカンパニーズ株式会社
2750	石光商事株式会社
2751	株式会社テンポスホールディングス
2760	東京エレクトロンデバイス株式会社
2768	双日株式会社
2776	新都ホールディングス株式会社
2784	アルフレッサホールディングス株式会社
2788	アップルインターナショナル株式会社
2795	日本プリメックス株式会社
3320	クロスプラス株式会社
3321	ミタチ産業株式会社
3323	レカム株式会社
3347	株式会社トラスト
3350	株式会社メタプラネット
3355	クリヤマホールディングス株式会社
7837	株式会社アールシーコア
3359	株式会社ｃｏｔｔａ
3374	内外テック株式会社
3377	株式会社バイク王＆カンパニー
3384	株式会社アークコア
3386	コスモ・バイオ株式会社
3388	明治電機工業株式会社
3392	デリカフーズホールディングス株式会社
3035	ケイティケイ株式会社
3024	クリエイト株式会社
3036	アルコニックス株式会社
3038	株式会社神戸物産
3045	株式会社カワサキ
3055	株式会社ほくやく・竹山ホールディングス
3070	株式会社ジェリービーンズグループ
3079	ディーブイエックス株式会社
3076	あいホールディングス株式会社
3089	テクノアルファ株式会社
8233	株式会社髙島屋
8237	株式会社松屋
8242	エイチ・ツー・オー　リテイリング株式会社
8244	株式会社近鉄百貨店
8247	株式会社大和
8260	株式会社井筒屋
8022	美津濃株式会社
8252	株式会社　丸井グループ
8253	株式会社クレディセゾン
8254	株式会社さいか屋
8174	日本瓦斯株式会社
8173	上新電機株式会社
8005	株式会社スクロール
8267	イオン株式会社
8273	株式会社イズミ
8130	株式会社サンゲツ
8190	株式会社ヤマナカ
8135	ゼット株式会社
8185	株式会社チヨダ
8276	株式会社　平和堂
8194	株式会社ライフコーポレーション
8198	マックスバリュ東海株式会社
8163	ＳＲＳホールディングス株式会社
8165	株式会社千趣会
8166	株式会社タカキュー
8167	株式会社リテールパートナーズ
8200	株式会社リンガーハット
8202	ラオックスホールディングス株式会社
8203	株式会社ミスターマックス・ホールディングス
8207	テンアライド株式会社
8208	株式会社エンチョー
8209	株式会社フレンドリー
8214	株式会社ＡＯＫＩホールディングス
8215	株式会社銀座山形屋
8278	株式会社フジ
8217	株式会社オークワ
8218	株式会社コメリ
8160	株式会社　木曽路
8219	青山商事株式会社
8279	株式会社ヤオコー
8282	株式会社ケーズホールディングス
8281	ゼビオホールディングス株式会社
8289	株式会社Ｏｌｙｍｐｉｃグループ
8255	アクシアル　リテイリング株式会社
8230	株式会社はせがわ
8227	株式会社しまむら
9832	株式会社オートバックスセブン
9831	株式会社ヤマダホールディングス
9835	株式会社ジュンテンドー
9843	株式会社ニトリホールディングス
9850	株式会社グルメ杵屋
9846	株式会社天満屋ストア
9853	株式会社銀座ルノアール
9854	愛眼株式会社
9861	株式会社吉野家ホールディングス
9878	株式会社　セキド
9876	株式会社コックス
9887	株式会社松屋フーズホールディングス
9890	株式会社マキヤ
9812	株式会社テーオーホールディングス
9823	株式会社マミーマート
9828	株式会社Ｇｅｎｋｉ　Ｇｌｏｂａｌ　Ｄｉｎｉｎｇ　Ｃｏｎｃｅｐｔｓ
9900	株式会社サガミホールディングス
9903	株式会社カンセキ
7937	株式会社ツツミ
9904	株式会社ベリテ
9927	株式会社ワットマン
9946	ミニストップ株式会社
9936	株式会社王将フードサービス
9942	株式会社ジョイフル
9948	株式会社アークス
9950	株式会社ハチバン
9956	株式会社バローホールディングス
9959	アシードホールディングス株式会社
9969	株式会社ショクブン
9974	株式会社ベルク
9983	株式会社ファーストリテイリング
9976	株式会社　セキチュー
9978	株式会社文教堂グループホールディングス
9979	株式会社大庄
9990	株式会社サックスバーホールディングス
9989	株式会社サンドラッグ
9994	株式会社やまや
9993	株式会社ヤマザワ
9997	株式会社ベルーナ
7412	株式会社アトム
7416	株式会社はるやまホールディングス
7419	株式会社ノジマ
7421	カッパ・クリエイト株式会社
7445	株式会社ライトオン
7450	株式会社サンデー
7453	株式会社　良品計画
7455	株式会社パリミキホールディングス
7464	セフテック株式会社
7462	株式会社ＣＡＰＩＴＡ
7494	株式会社コナカ
7505	扶桑電通株式会社
7506	株式会社　ハウス　オブ　ローゼ
7508	株式会社Ｇ‐７ホールディングス
7512	イオン北海道株式会社
7509	アイエーグループ株式会社
7513	株式会社コジマ
7514	株式会社　ヒマラヤ
7515	株式会社マルヨシセンター
7516	コーナン商事株式会社
7520	株式会社エコス
7522	ワタミ株式会社
7523	アールビバン株式会社
7524	マルシェ株式会社
7532	株式会社パン・パシフィック・インターナショナルホールディングス
7872	エステールホールディングス株式会社
2294	株式会社柿安本店
7544	株式会社スリーエフ
7545	株式会社西松屋チェーン
4558	株式会社中京医薬品
7550	株式会社ゼンショーホールディングス
7554	株式会社幸楽苑
7561	株式会社ハークスレイ
7562	株式会社安楽亭
7564	株式会社ワークマン
7571	株式会社ヤマノホールディングス
7578	株式会社ニチリョク
7581	株式会社サイゼリヤ
7585	株式会社かんなん丸
7596	株式会社魚力
7601	株式会社ポプラ
7603	株式会社マックハウス
7604	株式会社　梅の花
7605	株式会社　フジ・コーポレーション
7606	株式会社ユナイテッドアローズ
7614	株式会社オーエムツーネットワーク
7611	株式会社ハイデイ日高
7610	株式会社テイツー
7615	株式会社京都きもの友禅ホールディングス
7616	株式会社　コロワイド
7621	株式会社うかい
7623	株式会社サンオータス
7625	株式会社グローバルダイニング
7630	株式会社壱番屋
7634	株式会社星医療酸器
7636	株式会社ハンズマン
7637	白銅株式会社
7638	株式会社ＮＥＷ　ＡＲＴ　ＨＯＬＤＩＮＧＳ
7640	株式会社トップカルチャー
7643	株式会社ダイイチ
9441	株式会社ベルパーク
7646	株式会社ＰＬＡＮＴ
7649	スギホールディングス株式会社
6836	ぷらっとホーム株式会社
2652	株式会社まんだらけ
2653	イオン九州株式会社
2659	株式会社サンエー
2666	株式会社　オートウェーブ
2664	株式会社カワチ薬品
2669	カネ美食品株式会社
2673	夢みつけ隊株式会社
2674	株式会社ハードオフコーポレーション
2678	アスクル株式会社
2683	株式会社魚喜
2702	日本マクドナルドホールディングス株式会社
2681	株式会社ゲオホールディングス
2685	株式会社アダストリア
2686	株式会社ジーフット
2687	株式会社シー・ヴイ・エス・ベイエリア
2694	株式会社焼肉坂井ホールディングス
2695	くら寿司株式会社
2698	株式会社キャンドゥ
4337	ぴあ株式会社
2705	株式会社大戸屋ホールディングス
2722	株式会社ＩＫホールディングス
2726	株式会社パルグループホールディングス
2735	株式会社ワッツ
2736	フェスタリアホールディングス株式会社
2305	株式会社スタジオアリス
2742	株式会社ハローズ
2747	北雄ラッキー株式会社
2753	株式会社　あみやき亭
2730	株式会社エディオン
2752	株式会社フジオフードグループ本社
2762	株式会社ＳＡＮＫＯ　ＭＡＲＫＥＴＩＮＧ　ＦＯＯＤＳ
2763	株式会社エフティグループ
2764	株式会社ひらまつ
2767	円谷フィールズホールディングス株式会社
2734	株式会社サーラコーポレーション
2769	株式会社ヴィレッジヴァンガードコーポレーション
2778	パレモ・ホールディングス株式会社
2780	株式会社コメ兵ホールディングス
2782	株式会社セリア
2790	株式会社ナフコ
2789	株式会社カルラ
2791	大黒天物産株式会社
2792	株式会社ハニーズホールディングス
2798	株式会社ワイズテーブルコーポレーション
3317	株式会社フライングガーデン
3326	株式会社ランシステム
3329	東和フードサービス株式会社
3328	ＢＥＥＮＯＳ株式会社
3333	株式会社あさひ
3353	株式会社メディカル一光グループ
3349	株式会社コスモス薬品
3352	株式会社バッファロー
3360	シップヘルスケアホールディングス株式会社
3358	ワイエスフード株式会社
3361	株式会社トーエル
3370	株式会社フジタコーポレーション
3372	株式会社関門海
3375	株式会社ＺＯＡ
3382	株式会社セブン＆アイ・ホールディングス
3391	株式会社ツルハホールディングス
3021	株式会社パシフィックネット
3396	株式会社フェリシモ
3397	株式会社トリドールホールディングス
3399	株式会社丸千代山岡家
3046	株式会社ジンズホールディングス
3020	アプライド株式会社
3030	株式会社ハブ
3032	株式会社ゴルフ・ドゥ
3028	株式会社アルペン
3034	クオールホールディングス株式会社
3053	株式会社ペッパーフードサービス
3048	株式会社ビックカメラ
3047	株式会社ＴＲＵＣＫ－ＯＮＥ
3067	株式会社東京一番フーズ
3058	株式会社三洋堂ホールディングス
3050	ＤＣＭホールディングス株式会社
3065	株式会社ライフフーズ
262A	株式会社インターメスティック
7823	株式会社アートネイチャー
3059	ヒラキ株式会社
3063	株式会社ジェイグループホールディングス
3068	株式会社ＷＤＩ
3064	株式会社ＭｏｎｏｔａＲＯ
3083	スターシーズ株式会社
3066	株式会社ＪＢイレブン
3077	ホリイフードサービス株式会社
3071	株式会社ストリーム
3075	株式会社銚子丸
3069	株式会社　ＪＦＬＡホールディングス
3080	株式会社ジェーソン
3082	株式会社きちりホールディングス
3197	株式会社すかいらーくホールディングス
3086	Ｊ．フロント　リテイリング株式会社
3091	株式会社ブロンコビリー
3087	株式会社ドトール・日レスホールディングス
3088	株式会社マツキヨココカラ＆カンパニー
3093	株式会社トレジャー・ファクトリー
3099	株式会社三越伊勢丹ホールディングス
3094	株式会社スーパーバリュー
3096	株式会社オーシャンシステム
3097	株式会社物語コーポレーション
8304	株式会社あおぞら銀行
8345	株式会社岩手銀行
8349	株式会社　東北銀行
8341	株式会社七十七銀行
8343	株式会社秋田銀行
8344	株式会社山形銀行
8346	株式会社東邦銀行
8338	株式会社筑波銀行
8334	株式会社　群馬銀行
8336	株式会社武蔵野銀行
8331	株式会社千葉銀行
8337	株式会社千葉興業銀行
8360	株式会社　山梨中央銀行
8359	株式会社八十二銀行
8365	株式会社　富山銀行
8362	株式会社福井銀行
8361	株式会社　大垣共立銀行
8358	スルガ銀行株式会社
8364	株式会社清水銀行
8368	株式会社　百五銀行
8366	株式会社滋賀銀行
8367	株式会社南都銀行
8370	株式会社紀陽銀行
8383	株式会社　鳥取銀行
8381	株式会社山陰合同銀行
8388	株式会社阿波銀行
8386	株式会社百十四銀行
8387	株式会社四国銀行
8398	株式会社筑邦銀行
8392	株式会社大分銀行
8393	株式会社宮崎銀行
8395	株式会社佐賀銀行
8399	株式会社琉球銀行
8306	株式会社三菱ＵＦＪフィナンシャル・グループ
8308	株式会社　りそなホールディングス
8309	三井住友トラストグループ株式会社
8316	株式会社三井住友フィナンシャルグループ
8411	株式会社みずほフィナンシャルグループ
8377	株式会社ほくほくフィナンシャルグループ
5838	楽天銀行株式会社
8418	株式会社山口フィナンシャルグループ
8410	株式会社セブン銀行
8354	株式会社ふくおかフィナンシャルグループ
8524	株式会社北洋銀行
8551	株式会社　北日本銀行
8562	株式会社　福島銀行
8550	株式会社　栃木銀行
8558	株式会社東和銀行
8544	株式会社　京葉銀行
8537	株式会社大光銀行
7184	株式会社　富山第一銀行
8522	株式会社　名古屋銀行
8541	株式会社　愛媛銀行
8416	株式会社高知銀行
8560	株式会社　宮崎太陽銀行
8554	株式会社南日本銀行
8559	株式会社豊和銀行
8563	株式会社大東銀行
8542	株式会社トマト銀行
7150	株式会社島根銀行
8511	日本証券金融株式会社
8572	アコム株式会社
8518	日本アジア投資株式会社
8747	豊トラスティ証券株式会社
8746	ＵＮＢＡＮＫＥＤ株式会社
8515	アイフル株式会社
8742	株式会社小林洋行
8508	Ｊトラスト株式会社
8421	信金中央金庫
8737	株式会社あかつき本社
8705	日産証券グループ株式会社
8783	ＧＦＡ株式会社
2134	北浜キャピタルパートナーズ株式会社
8772	株式会社アサックス
8732	株式会社マネーパートナーズグループ
8604	野村ホールディングス株式会社
8601	株式会社大和証券グループ本社
8609	株式会社岡三証券グループ
8613	丸三証券株式会社
8622	水戸証券株式会社
8708	アイザワ証券グループ株式会社
8616	東海東京フィナンシャル・ホールディングス株式会社
8614	東洋証券株式会社
8699	ＨＳホールディングス株式会社
8624	いちよし証券株式会社
8706	極東証券株式会社
8707	岩井コスモホールディングス株式会社
8700	丸八証券株式会社
8617	光世証券株式会社
3772	ウェルス・マネジメント株式会社
8628	松井証券株式会社
8697	株式会社日本取引所グループ
8698	マネックスグループ株式会社
8704	トレイダーズホールディングス株式会社
8766	東京海上ホールディングス株式会社
8795	株式会社Ｔ＆Ｄホールディングス
8725	ＭＳ＆ＡＤインシュアランスグループホールディングス株式会社
8801	三井不動産株式会社
8802	三菱地所株式会社
8803	平和不動産株式会社
8804	東京建物株式会社
9706	日本空港ビルデング株式会社
8818	京阪神ビルディング株式会社
8830	住友不動産株式会社
8844	株式会社コスモスイニシア
8848	株式会社レオパレス２１
8850	スターツコーポレーション株式会社
8860	フジ住宅株式会社
8864	空港施設株式会社
8869	明和地所株式会社
4681	リゾートトラスト株式会社
8871	株式会社ゴールドクレスト
8877	エスリード株式会社
8881	株式会社日神グループホールディングス
8886	株式会社ウッドフレンズ
8887	株式会社クミカ
8891	ＡＭＧホールディングス株式会社
8892	株式会社日本エスコン
8894	株式会社ＲＥＶＯＬＵＴＩＯＮ
8897	ＭＩＲＡＲＴＨホールディングス株式会社
8905	イオンモール株式会社
8912	株式会社エリアクエスト
8914	エリアリンク株式会社
8917	ファースト住建株式会社
8918	株式会社ランド
8920	株式会社　東　祥
8923	トーセイ株式会社
8927	株式会社明豊エンタープライズ
8928	穴吹興産株式会社
8931	和田興産株式会社
8934	サンフロンティア不動産株式会社
8935	株式会社ＦＪネクストホールディングス
8938	グローム・ホールディングス株式会社
8940	株式会社インテリックス
8944	株式会社ランドビジネス
8946	株式会社ＡＳＩＡＮ　ＳＴＡＲ
8999	グランディハウス株式会社
3254	株式会社プレサンスコーポレーション
8996	株式会社ハウスフリーダム
8995	株式会社誠建設工業
3231	野村不動産ホールディングス株式会社
3236	株式会社プロパスト
3238	セントラル総合開発株式会社
3241	株式会社ウィル
3242	株式会社アーバネットコーポレーション
3245	株式会社ディア・ライフ
3246	株式会社コーセーアールイー
3248	株式会社アールエイジ
3260	株式会社エスポア
9007	小田急電鉄株式会社
9006	京浜急行電鉄株式会社
9005	東急株式会社
9009	京成電鉄株式会社
9008	京王電鉄株式会社
9010	富士急行株式会社
9001	東武鉄道株式会社
9003	相鉄ホールディングス株式会社
9048	名古屋鉄道株式会社
9041	近鉄グループホールディングス株式会社
9042	阪急阪神ホールディングス株式会社
9045	京阪ホールディングス株式会社
9044	南海電気鉄道株式会社
9049	京福電気鉄道株式会社
9046	神戸電鉄株式会社
9031	西日本鉄道株式会社
9033	広島電鉄株式会社
9052	山陽電気鉄道株式会社
9012	秩父鉄道株式会社
9020	東日本旅客鉄道株式会社
9021	西日本旅客鉄道株式会社
9022	東海旅客鉄道株式会社
9023	東京地下鉄株式会社
9024	株式会社西武ホールディングス
9017	新潟交通株式会社
9081	神奈川中央交通株式会社
9082	大和自動車交通株式会社
9083	神姫バス株式会社
9085	北海道中央バス株式会社
9068	丸全昭和運輸株式会社
9069	センコーグループホールディングス株式会社
9067	株式会社丸運
9070	トナミホールディングス株式会社
9064	ヤマトホールディングス株式会社
9072	ニッコンホールディングス株式会社
9059	カンダホールディングス株式会社
9063	岡山県貨物運送株式会社
9073	京極運輸商事株式会社
9076	セイノーホールディングス株式会社
9060	日本ロジテム株式会社
9057	遠州トラック株式会社
9369	株式会社キユーソー流通システム
9051	センコン物流株式会社
9040	大宝運輸株式会社
9039	株式会社サカイ引越センター
9037	株式会社ハマキョウレックス
9036	東部ネットワーク株式会社
9035	第一交通産業株式会社
9034	南総通運株式会社
2384	ＳＢＳホールディングス株式会社
9029	株式会社ヒガシトゥエンティワン
9028	株式会社ゼロ
9027	株式会社ロジネットジャパン
3232	三重交通グループホールディングス株式会社
9101	日本郵船株式会社
9104	株式会社　商船三井
9107	川崎汽船株式会社
9110	ＮＳユナイテッド海運株式会社
9115	明海グループ株式会社
9119	飯野海運株式会社
9127	玉井商船株式会社
9363	株式会社大運
9130	共栄タンカー株式会社
9171	栗林商船株式会社
9173	東海汽船株式会社
9201	日本航空株式会社
9202	ＡＮＡホールディングス株式会社
9233	アジア航測株式会社
9301	三菱倉庫株式会社
9302	三井倉庫ホールディングス株式会社
9303	株式会社住友倉庫
9304	澁澤倉庫株式会社
9306	東陽倉庫株式会社
9308	乾汽船株式会社
9310	日本トランスシティ株式会社
9324	安田倉庫株式会社
9305	株式会社ヤマタネ
9312	ケイヒン株式会社
9307	株式会社杉村倉庫
9313	丸八倉庫株式会社
9319	株式会社中央倉庫
9322	川西倉庫株式会社
9066	株式会社日新
9351	東洋埠頭株式会社
9353	櫻島埠頭株式会社
9311	アサガミ株式会社
9065	山九株式会社
9355	株式会社リンコーコーポレーション
9074	日本石油輸送株式会社
9357	名港海運株式会社
9380	東海運株式会社
9359	伊勢湾海運株式会社
8097	三愛オブリ株式会社
9075	福山通運株式会社
9193	東京汽船株式会社
9360	鈴与シンワート株式会社
9361	伏木海陸運送株式会社
9025	鴻池運輸株式会社
9362	兵機海運株式会社
9364	株式会社上組
9365	トレーディア株式会社
9726	ＫＮＴ－ＣＴホールディングス株式会社
9366	株式会社サンリツ
9087	タカセ株式会社
9367	大東港運株式会社
9368	キムラユニティー株式会社
9603	株式会社エイチ・アイ・エス
9376	株式会社ユーラシア旅行社
9377	株式会社　エージーピー
9381	株式会社エーアイテイー
9401	株式会社ＴＢＳホールディングス
9402	中部日本放送株式会社
9405	朝日放送グループホールディングス株式会社
9407	株式会社ＲＫＢ毎日ホールディングス
9408	株式会社ＢＳＮメディアホールディングス
9404	日本テレビホールディングス株式会社
9409	株式会社テレビ朝日ホールディングス
9433	ＫＤＤＩ株式会社
9434	ソフトバンク株式会社
4839	株式会社ＷＯＷＯＷ
9432	日本電信電話株式会社
9436	沖縄セルラー電話株式会社
4676	株式会社フジ・メディア・ホールディングス
9424	日本通信株式会社
9445	株式会社フォーバルテレコム
4838	スペースシャワーＳＫＩＹＡＫＩホールディングス株式会社
3834	株式会社朝日ネット
9412	株式会社スカパーＪＳＡＴホールディングス
9501	東京電力ホールディングス株式会社
9503	関西電力株式会社
9509	北海道電力株式会社
9506	東北電力株式会社
9502	中部電力株式会社
9505	北陸電力株式会社
9504	中国電力株式会社
9507	四国電力株式会社
9508	九州電力株式会社
9511	沖縄電力株式会社
9513	電源開発株式会社
9534	北海道瓦斯株式会社
9531	東京瓦斯株式会社
9539	京葉瓦斯株式会社
9543	静岡ガス株式会社
9533	東邦瓦斯株式会社
9537	北陸瓦斯株式会社
9532	大阪瓦斯株式会社
9535	広島ガス株式会社
9536	西部ガスホールディングス株式会社
9701	株式会社東京會舘
9704	株式会社アゴーラホスピタリティーグループ
9708	株式会社帝国ホテル
9713	株式会社ロイヤルホテル
9723	株式会社京都ホテル
9722	藤田観光株式会社
9720	株式会社ホテル、ニューグランド
9601	松竹株式会社
9602	東宝株式会社
9605	東映株式会社
9633	東京テアトル株式会社
9635	武蔵野興業株式会社
9636	株式会社きんえい
9643	中日本興業株式会社
9632	スバル興業株式会社
9672	東京都競馬株式会社
9661	株式会社歌舞伎座
9664	株式会社御園座
9679	ホウライ株式会社
9656	グリーンランドリゾート株式会社
4650	ＳＤエンターテイメント株式会社
4661	株式会社オリエンタルランド
4680	株式会社ラウンドワン
2340	株式会社　極楽湯ホールディングス
2157	株式会社コシダカホールディングス
9731	株式会社白洋舍
4324	株式会社電通グループ
8591	オリックス株式会社
9765	株式会社オオバ
8584	株式会社ジャックス
9735	セコム株式会社
8585	株式会社オリエントコーポレーション
9763	丸紅建材リース株式会社
8179	ロイヤルホールディングス株式会社
8181	株式会社東天紅
8593	三菱ＨＣキャピタル株式会社
9768	いであ株式会社
9769	株式会社学究社
9740	セントラル警備保障株式会社
9761	東海リース株式会社
8594	中道リース株式会社
9742	株式会社アイネス
9744	株式会社メイテックグループホールディングス
8595	ジャフコ　グループ株式会社
9746	株式会社　ＴＫＣ
9749	富士ソフト株式会社
9753	アイエックス・ナレッジ株式会社
9755	応用地質株式会社
9757	株式会社船井総研ホールディングス
8596	株式会社九州リースサービス
9759	株式会社ＮＳＤ
9760	株式会社　進学会ホールディングス
9733	株式会社ナガセ
9729	株式会社トーカイ
9719	ＳＣＳＫ株式会社
9716	株式会社乃村工藝社
9715	トランス・コスモス株式会社
9709	ＮＣＳ＆Ａ株式会社
9702	株式会社アイ・エス・ビー
9699	ニシオホールディングス株式会社
9698	株式会社クレオ
9696	株式会社ウィザス
9692	株式会社シーイーシー
9691	株式会社両毛システムズ
9687	株式会社ＫＳＫ
9686	東洋テック株式会社
9685	ＫＹＣＯＭホールディングス株式会社
9684	株式会社スクウェア・エニックス・ホールディングス
9682	株式会社ＤＴＳ
9678	株式会社カナモト
9663	株式会社ナガワ
9658	株式会社ビジネスブレイン太田昭和
9651	日本プロセス株式会社
9787	イオンディライト株式会社
9928	株式会社ミロク情報サービス
6197	株式会社ソラスト
9647	株式会社協和コンサルタンツ
9644	株式会社タナベコンサルティンググループ
9640	株式会社セゾンテクノロジー
9639	三協フロンテア株式会社
9629	ピー・シー・エー株式会社
9628	燦ホールディングス株式会社
9627	株式会社アインホールディングス
9625	株式会社セレスポ
9622	株式会社スペース
9621	株式会社建設技術研究所
9619	株式会社イチネンホールディングス
9616	株式会社共立メンテナンス
9613	株式会社ＮＴＴデータグループ
8570	イオンフィナンシャルサービス株式会社
9612	株式会社ラックランド
9610	ウィルソン・ラーニング　ワールドワイド株式会社
9600	株式会社アイネット
9799	旭情報サービス株式会社
9795	株式会社ステップ
4665	株式会社ダスキン
9793	株式会社ダイセキ
9791	株式会社ビケンテクノ
9790	福井コンピュータホールディングス株式会社
9788	株式会社ナック
9782	株式会社ディーエムエス
9778	株式会社昴
9780	株式会社ハリマビステム
8566	リコーリース株式会社
9435	株式会社光通信
9776	札幌臨床検査センター株式会社
9739	ＮＳＷ株式会社
4641	株式会社アルプス技研
4642	オリジナル設計株式会社
4645	株式会社市進ホールディングス
4644	イマジニア株式会社
7502	株式会社プラザホールディングス
4651	株式会社サニックス
7518	ネットワンシステムズ株式会社
4657	株式会社環境管理センター
4658	日本空調サービス株式会社
4659	株式会社エイジス
4662	株式会社フォーカスシステムズ
4664	株式会社アール・エス・シー
4666	パーク二四株式会社（定款上の商号　パーク２４株式会社）
4667	アイサンテクノロジー株式会社
4668	株式会社明光ネットワークジャパン
4671	株式会社ファルコホールディングス
4673	川崎地質株式会社
4674	株式会社クレスコ
4679	株式会社　田　谷
4678	株式会社　秀英予備校
4685	株式会社菱友システムズ
4686	株式会社ジャストシステム
4687	ＴＤＣソフト株式会社
4704	トレンドマイクロ株式会社
4689	ＬＩＮＥヤフー株式会社
4690	日本パレットプール株式会社
4705	株式会社クリップコーポレーション
4707	株式会社キタック
4709	株式会社ＩＤホールディングス
7595	株式会社アルゴグラフィックス
4712	株式会社ＫｅｙＨｏｌｄｅｒ
4714	株式会社　リソー教育
4684	株式会社オービック
4716	日本オラクル株式会社
4718	株式会社早稲田アカデミー
4719	株式会社アルファシステムズ
4720	株式会社城南進学研究社
4722	フューチャー株式会社
4725	株式会社ＣＡＣ　Ｈｏｌｄｉｎｇｓ
9449	ＧＭＯインターネットグループ株式会社
4728	株式会社トーセ
4732	株式会社ユー・エス・エス
8876	株式会社リログループ
4733	株式会社オービックビジネスコンサルタント
9438	株式会社エムティーアイ
4735	株式会社京進
4736	日本ラッド株式会社
9439	株式会社エム・エイチ・グループ
4694	株式会社ビー・エム・エル
4307	株式会社野村総合研究所
1738	株式会社ニットー
4746	株式会社東計電算
4745	株式会社東京個別指導学院
4750	株式会社ダイサン
4751	株式会社サイバーエージェント
4754	株式会社トスネット
4752	株式会社　昭和システムエンジニアリング
4755	楽天グループ株式会社
4760	株式会社アルファ
4772	株式会社ストリームメディアコーポレーション
4761	株式会社さくらケーシーエス
4762	株式会社エックスネット
4763	株式会社クリーク・アンド・リバー社
4765	ＳＢＩグローバルアセットマネジメント株式会社
4766	株式会社ピーエイ
4768	株式会社　大塚商会
4767	株式会社テー・オー・ダブリュー
4769	株式会社ＩＣ
4771	株式会社エフアンドエム
2656	株式会社ベクターホールディングス
4777	株式会社ガーラ
4776	サイボウズ株式会社
4783	ＮＣＤ株式会社
4784	ＧＭＯアドパートナーズ株式会社
4792	山田コンサルティンググループ株式会社
9444	株式会社トーシンホールディングス
4800	オリコン株式会社
4801	セントラルスポーツ株式会社
4812	株式会社電通総研
2491	バリューコマース株式会社
4814	ネクストウェア株式会社
2130	株式会社メンバーズ
4820	株式会社イーエムシステムズ（商号　株式会社ＥＭシステムズ）
4819	株式会社デジタルガレージ
8473	ＳＢＩホールディングス株式会社
4825	株式会社ウェザーニューズ
4826	株式会社ＣＩＪ
4828	ビジネスエンジニアリング株式会社
4813	株式会社ＡＣＣＥＳＳ
4829	日本エンタープライズ株式会社
4832	ＪＦＥシステムズ株式会社
4833	株式会社Ｄｅｆ　ｃｏｎｓｕｌｔｉｎｇ
4834	キャリアバンク株式会社
8890	株式会社レーサム
9446	株式会社サカイホールディングス
4848	株式会社フルキャストホールディングス
4840	株式会社トライアイズ
4845	株式会社スカラ
4847	株式会社インテリジェント　ウェイブ
4849	エン・ジャパン株式会社
4284	株式会社　ソルクシーズ
4286	株式会社ＣＬホールディングス
4288	株式会社アズジェント
4287	株式会社ジャストプランニング
4290	株式会社プレステージ・インターナショナル
4293	株式会社セプテーニ・ホールディングス
4298	株式会社プロトコーポレーション
4308	株式会社Ｊストリーム
4299	株式会社ハイマックス
4304	株式会社Ｅストアー
4301	株式会社アミューズ
4310	株式会社ドリームインキュベータ
4316	株式会社ビーマップ
4317	株式会社レイ
4319	ＴＡＣ株式会社
4318	株式会社クイック
4320	株式会社ＣＥホールディングス
4323	日本システム技術株式会社
8898	株式会社センチュリー２１・ジャパン
4326	株式会社インテージホールディングス
2721	株式会社ジェイホールディングス
8739	スパークス・グループ株式会社
4331	株式会社テイクアンドギヴ・ニーズ
4333	株式会社東邦システムサイエンス
4334	株式会社ユークス
4335	株式会社アイ・ピー・エス
4341	西菱電機株式会社
4343	株式会社イオンファンタジー
4345	株式会社シーティーエス
4346	株式会社ＮＥＸＹＺ．Ｇｒｏｕｐ
4347	ブロードメディア株式会社
4350	株式会社　メディカルシステムネットワーク
4351	株式会社山田債権回収管理総合事務所
2300	株式会社きょくとう
8798	株式会社アドバンスクリエイト
4356	応用技術株式会社
2317	株式会社システナ
2301	株式会社学情
2304	株式会社ＣＳＳホールディングス
2303	株式会社ドーン
2307	株式会社クロスキャット
2311	株式会社エプコ
2321	株式会社ソフトフロントホールディングス
2325	株式会社ＮＪＳ
4563	アンジェス株式会社
2323	株式会社ｆｏｎｆｕｎ
2326	デジタルアーツ株式会社
2327	日鉄ソリューションズ株式会社
2749	株式会社ＪＰホールディングス
2329	株式会社東北新社
2330	株式会社フォーサイド
2331	綜合警備保障株式会社
2332	株式会社クエスト
2335	株式会社キューブシステム
8908	株式会社毎日コムネット
2337	いちご株式会社
2338	クオンタムソリューションズ株式会社
2341	株式会社アルバイトタイムス
2342	株式会社トランスジェニックグループ
2344	平安レイサービス株式会社
2345	株式会社クシム
2349	株式会社エヌアイデイ
2351	株式会社ＡＳＪ
4827	ビジネス・ワンホールディングス株式会社
1724	シンクレイヤ株式会社
2353	日本駐車場開発株式会社
2354	株式会社ＹＥ　ＤＩＧＩＴＡＬ
2315	株式会社ＣＡＩＣＡ　ＤＩＧＩＴＡＬ
2359	株式会社コア
3710	ジョルダン株式会社
3712	株式会社情報企画
8439	東京センチュリー株式会社
3719	株式会社ジェクシード
2371	株式会社カカクコム
2370	株式会社メディネット
2372	株式会社アイロムグループ
2373	株式会社ケア２１
2374	セントケア・ホールディング株式会社
2375	ギグワークス株式会社
3723	日本ファルコム株式会社
2378	株式会社ルネサンス
4564	オンコセラピー・サイエンス株式会社
2385	株式会社総医研ホールディングス
2379	ディップ株式会社
3727	株式会社アプリックス
3978	株式会社マクロミル
2389	株式会社デジタルホールディングス
3733	株式会社ソフトウェア・サービス
1717	明豊ファシリティワークス株式会社
2391	株式会社プラネット
2796	ファーマライズホールディングス株式会社
2393	株式会社日本ケアサプライ
2395	株式会社新日本科学
2397	株式会社ＤＮＡチップ研究所
3319	株式会社ゴルフダイジェスト・オンライン
3738	株式会社ティーガイア
3726	株式会社フォーシーズＨＤ
3322	アルファグループ株式会社
3741	株式会社セック
3739	コムシード株式会社
8929	株式会社青山財産ネットワークス
2404	株式会社鉄人化ホールディングス
2433	株式会社博報堂ＤＹホールディングス
2418	株式会社ツカダ・グローバルホールディング
3744	サイオス株式会社
4809	パラカ株式会社
2408	株式会社ＫＧ情報
2411	ゲンダイエージェンシー株式会社
2410	株式会社キャリアデザインセンター
3341	日本調剤株式会社
3747	株式会社インタートレード
2413	エムスリー株式会社
8425	みずほリース株式会社
2415	ヒューマンホールディングス株式会社
3753	株式会社フライトソリューションズ
8424	芙蓉総合リース株式会社
2425	株式会社ケアサービス
3750	株式会社サイトリ細胞研究所
1712	株式会社ダイセキ環境ソリューション
3787	株式会社テクノマセマティカル
3760	株式会社ケイブ
2437	Ｓｈｉｎｗａ　Ｗｉｓｅ　Ｈｏｌｄｉｎｇｓ株式会社
1711	株式会社ＳＤＳホールディングス
3758	株式会社アエリア
2440	株式会社ぐるなび
3807	株式会社フィスコ
2428	ウェルネット株式会社
2432	株式会社ディー・エヌ・エー
8793	ＮＥＣキャピタルソリューション株式会社
3762	テクマトリックス株式会社
3763	株式会社プロシップ
2429	株式会社ワールドホールディングス
3766	システムズ・デザイン株式会社
9514	株式会社エフオン
3768	リスクモンスター株式会社
3765	ガンホー・オンライン・エンターテイメント株式会社
3769	ＧＭＯペイメントゲートウェイ株式会社
2436	共同ピーアール株式会社
2435	株式会社シダー
3774	株式会社インターネットイニシアティブ
9425	ＲｅＹｕｕ　Ｊａｐａｎ株式会社
2438	株式会社アスカネット
3770	株式会社ザッパラス
3371	株式会社ソフトクリエイトホールディングス
3771	株式会社システムリサーチ
8789	フィンテック　グローバル株式会社
2445	株式会社タカミヤ
3776	株式会社ブロードバンドタワー
3773	株式会社アドバンスト・メディア
3775	株式会社ガイアックス
2449	株式会社プラップジャパン
9428	株式会社クロップス
8945	サンネクスタグループ株式会社
3777	株式会社環境フレンドリーホールディングス
7833	株式会社アイフィスジャパン
2454	株式会社オールアバウト
3804	株式会社システム　ディ
3387	株式会社クリエイト・レストランツ・ホールディングス
3778	さくらインターネット株式会社
3798	ＵＬＳグループ株式会社
2464	株式会社ＡｏｂａーＢＢＴ
2459	アウンコンサルティング株式会社
9423	株式会社フォーバル・リアルストレート
2461	株式会社ファンコミュニケーションズ
2462	ライク株式会社
3393	スターティアホールディングス株式会社
3779	ジェイ・エスコムホールディングス株式会社
2467	株式会社バルクホールディングス
3788	ＧＭＯグローバルサイン・ホールディングス株式会社
2469	ヒビノ株式会社
3796	株式会社いい生活
3793	株式会社ドリコム
3799	キーウェアソリューションズ株式会社
2471	株式会社エスプール
3395	株式会社サンマルクホールディングス
2475	ＷＤＢホールディングス株式会社
3800	株式会社ユニリタ
2497	ユナイテッド株式会社
3031	株式会社ラクーンホールディングス
2477	手間いらず株式会社
2479	株式会社ジェイテック
9421	株式会社エヌジェイホールディングス
3803	イメージ情報開発株式会社
2480	システム・ロケーション株式会社
2481	株式会社タウンニュース社
3802	株式会社エコミック
2483	株式会社翻訳センター
2484	株式会社出前館
2485	株式会社ティア
3808	株式会社オウケイウェイヴ
3040	株式会社ソリトンシステムズ
2488	ＪＴＰ株式会社
3041	株式会社ビューティカダンホールディングス
2489	株式会社アドウェイズ
3810	サイバーステップ株式会社
3042	株式会社セキュアヴェイル
3454	ファーストブラザーズ株式会社
2492	株式会社インフォマート
2493	イーサポートリンク株式会社
2121	株式会社ＭＩＸＩ
2138	クルーズ株式会社
3815	株式会社メディア工房
2122	株式会社インタースペース
2120	株式会社ＬＩＦＵＬＬ
2124	株式会社ジェイエイシーリクルートメント
3054	株式会社ハイパー
2127	株式会社日本Ｍ＆Ａセンターホールディングス
3823	ＴＨＥ　ＷＨＹ　ＨＯＷ　ＤＯ　ＣＯＭＰＡＮＹ株式会社
2499	日本和装ホールディングス株式会社
3814	株式会社アルファクス・フード・システム
3816	株式会社大和コンピューター
3817	株式会社ＳＲＡホールディングス
3824	メディアファイブ株式会社
3826	株式会社システムインテグレータ
3825	株式会社リミックスポイント
2498	株式会社オリエンタルコンサルタンツホールディングス
4344	ソースネクスト株式会社
8769	株式会社アドバンテッジリスクマネジメント
3830	株式会社ギガプライズ
3237	株式会社イントランス
2136	株式会社ヒップ
3835	ｅＢＡＳＥ株式会社
3836	株式会社アバントグループ
3837	アドソル日進株式会社
8771	イー・ギャランティ株式会社
2139	株式会社中広
3841	株式会社ジーダット
2137	株式会社光ハイツ・ヴェラス
3073	株式会社ＤＤグループ
3840	パス株式会社
2162	ｎｍｓホールディングス株式会社
3842	株式会社ネクストジェン
3844	コムチュア株式会社
3839	株式会社ＯＤＫソリューションズ
3843	フリービット株式会社
3845	株式会社アイフリークモバイル
2150	株式会社ケアネット
2148	アイティメディア株式会社
3847	パシフィックシステム株式会社
3848	株式会社データ・アプリケーション
3849	日本テクノ・ラボ株式会社
2152	幼児活動研究会株式会社
3252	地主株式会社
3850	株式会社エヌ・ティ・ティ・データ・イントラマート
2154	株式会社オープンアップグループ
2175	株式会社エス・エム・エス
2146	ＵＴグループ株式会社
3853	アステリア株式会社
2158	株式会社ＦＲＯＮＴＥＯ
2156	セーラー広告株式会社
6634	株式会社ネクスグループ
3854	株式会社アイル
2153	Ｅ・Ｊホールディングス株式会社
3624	アクセルマーク株式会社
2160	株式会社ジーエヌアイグループ
3856	Ａｂａｌａｎｃｅ株式会社
2164	株式会社地域新聞社
2163	株式会社アルトナー
3858	株式会社ユビキタスＡＩ
3092	株式会社ＺＯＺＯ
2169	ＣＤＳ株式会社
2170	株式会社リンクアンドモチベーション
4571	ＮＡＮＯ　ＭＲＮＡ株式会社
2168	株式会社パソナグループ
3622	ネットイヤーグループ株式会社
2173	株式会社博展
3626	ＴＩＳ株式会社
2172	株式会社インサイト
3623	ビリングシステム株式会社
3625	テックファームホールディングス株式会社
1773	ワイ・ティー・エル・コーポレーション・バーハッド
9399	ビート・ホールディングス・リミテッド　（貝德控股有限公司、Ｂｅａｔ　Ｈｏｌｄｉｎｇｓ　Ｌｉｍｉｔｅｄ）
4875	メディシノバ・インク
8750	第一生命ホールディングス株式会社
6098	株式会社リクルートホールディングス
7164	全国保証株式会社
3549	株式会社クスリのアオキホールディングス
6238	フリュー株式会社
3863	日本製紙株式会社
286A	株式会社ユカリア
297A	アルピコホールディングス株式会社
3627	テクミラホールディングス株式会社
3479	株式会社ティーケーピー
6555	株式会社ＭＳ＆Ｃｏｎｓｕｌｔｉｎｇ
3141	ウエルシアホールディングス株式会社
3964	株式会社オークネット
4578	大塚ホールディングス株式会社
5857	ＡＲＥホールディングス株式会社
6250	株式会社やまびこ
3140	ＢＲＵＮＯ株式会社
2181	パーソルホールディングス株式会社
6632	株式会社ＪＶＣケンウッド
1514	住石ホールディングス株式会社
2180	株式会社サニーサイドアップグループ
3264	株式会社アスコット
2179	株式会社成学社
3628	株式会社データホライゾン
3148	株式会社クリエイトＳＤホールディングス
5724	株式会社アサカ理研
2183	株式会社リニカル
9384	内外トランスライン株式会社
9385	株式会社ショーエイコーポレーション
3143	オーウイル株式会社
2269	明治ホールディングス株式会社
3443	川田テクノロジーズ株式会社
3688	株式会社ＣＡＲＴＡ　ＨＯＬＤＩＮＧＳ
3632	グリーホールディングス株式会社
3444	株式会社菊池製作所
4576	株式会社デ・ウエスタン・セラピテクス研究所
2185	株式会社シイエム・シイ
2186	ソーバル株式会社
3633	ＧＭＯペパボ株式会社
3151	株式会社バイタルケーエスケー・ホールディングス
3635	株式会社コーエーテクモホールディングス
3634	株式会社ソケッツ
6078	株式会社バリューＨＲ
7775	大研医器株式会社
3150	株式会社グリムス
7314	株式会社小田原機器
4574	大幸薬品株式会社
3266	株式会社ファンドクリエーショングループ
2193	クックパッド株式会社
3154	メディアスホールディングス株式会社
8713	フィデアホールディングス株式会社
2270	雪印メグミルク株式会社
3156	株式会社レスター
8714	株式会社池田泉州ホールディングス
3157	ジオリーブグループ株式会社
7819	粧美堂株式会社
4926	株式会社シーボン
4575	株式会社キャンバス
3636	株式会社三菱総合研究所
2195	アミタホールディングス株式会社
3131	シンデン・ハイテックス株式会社
3178	チムニー株式会社
8600	トモニホールディングス株式会社
6630	ヤーマン株式会社
3159	丸善ＣＨＩホールディングス株式会社
6629	テクノホライゾン株式会社
8630	ＳＯＭＰＯホールディングス株式会社
2196	株式会社エスクリ
5020	ＥＮＥＯＳホールディングス株式会社
8715	アニコム　ホールディングス株式会社
3160	株式会社大光
7776	株式会社セルシード
4577	ダイト株式会社
3161	アゼアス株式会社
3271	株式会社　ＴＨＥグローバル社
3639	株式会社ボルテージ
3641	株式会社パピレス
3640	株式会社電算
7371	Ｚｅｎｋｅｎ株式会社
1418	インターライフホールディングス株式会社
3166	ＯＣＨＩホールディングス株式会社
9413	株式会社テレビ東京ホールディングス
2198	アイ・ケイ・ケイホールディングス株式会社
1417	株式会社ミライト・ワン
7148	株式会社ＦＰＧ
4582	シンバイオ製薬株式会社
7818	株式会社トランザクション
6050	イー・ガーディアン株式会社
4927	株式会社ポーラ・オルビスホールディングス
3645	株式会社メディカルネット
4928	株式会社ノエビアホールディングス
6627	株式会社テラプローブ
3647	株式会社ジー・スリーホールディングス
3480	株式会社ジェイ・エス・ビー
5842	インテグラル株式会社
3167	株式会社ＴＯＫＡＩホールディングス
6249	株式会社ゲームカード・ジョイコホールディングス
3646	株式会社駅探
3608	株式会社ＴＳＩホールディングス
3648	ＡＧＳ株式会社
4579	ラクオリア創薬株式会社
1909	日本ドライケミカル株式会社
3649	株式会社ファインデックス
2229	カルビー株式会社
6626	ＳＥＭＩＴＥＣ株式会社
3168	株式会社ＭＥＲＦ
2882	株式会社イートアンドホールディングス
3652	株式会社ディジタルメディアプロフェッショナル
2117	ウェルネオシュガー株式会社
7022	サノヤスホールディングス株式会社
7817	パラマウントベッドホールディングス株式会社
6620	宮越ホールディングス株式会社
3653	株式会社モルフォ
6625	ＪＡＬＣＯホールディングス株式会社
3655	株式会社ブレインパッド
3659	株式会社ネクソン
3656	ＫＬａｂ株式会社
3276	株式会社ＪＰＭＣ
7777	株式会社スリー・ディー・マトリックス
3657	ポールトゥウィンホールディングス株式会社
1383	ベルグアース株式会社
6054	株式会社リブセンス
4977	新田ゼラチン株式会社
6619	ダブル・スコープ株式会社
9206	株式会社スターフライヤー
3277	株式会社サンセイランディック
3169	株式会社ミサワ
4583	株式会社カイオム・バイオサイエンス
6055	ジャパンマテリアル株式会社
3663	株式会社セルシス
3173	株式会社Ｃｏｍｉｎｉｘ
3660	株式会社アイスタイル
3172	ティーライフ株式会社
7157	ライフネット生命保険株式会社
3661	株式会社エムアップホールディングス
3662	株式会社エイチーム
6058	株式会社ベクトル
6060	こころネット株式会社
6062	株式会社チャーム・ケア・コーポレーション
6061	株式会社ユニバーサル園芸社
6059	株式会社ウチヤマホールディングス
2930	株式会社北の達人コーポレーション
3174	株式会社ハピネス・アンド・ディ
3664	株式会社モブキャストホールディングス
6063	日本エマージェンシーアシスタンス株式会社
9419	株式会社ワイヤレスゲート
7161	株式会社じもとホールディングス
3665	株式会社エニグモ
5703	日本軽金属ホールディングス株式会社
6617	株式会社東光高岳
7162	アストマックス株式会社
7177	ＧＭＯフィナンシャルホールディングス株式会社
3177	株式会社ありがとうサービス
5932	三協立山株式会社
6070	キャリアリンク株式会社
3175	株式会社エー・ピーホールディングス
9386	日本コンセプト株式会社
3896	阿波製紙株式会社
6069	トレンダーズ株式会社
3280	株式会社エストラスト
7163	住信ＳＢＩネット銀行株式会社
4929	株式会社アジュバンホールディングス
4584	キッズウェル・バイオ株式会社
6087	株式会社アビスト
3261	株式会社グランディーズ
3667	株式会社ｅｎｉｓｈ
3666	株式会社テクノスジャパン
3179	シュッピン株式会社
2931	株式会社ユーグレナ
6072	地盤ネットホールディングス株式会社
3668	株式会社コロプラ
6165	パンチ工業株式会社
6071	株式会社ＩＢＪ
3181	株式会社買取王国
4586	株式会社メドレックス
3183	ウイン・パートナーズ株式会社
3180	株式会社ビューティガレージ
3670	協立情報通信株式会社
3182	オイシックス・ラ・大地株式会社
1420	サンヨーホームズ株式会社
3671	ソフトマックス株式会社
3672	株式会社オルトプラス
3284	株式会社フージャースホールディングス
2588	株式会社プレミアムウォーターホールディングス
6073	株式会社アサンテ
1419	タマホーム株式会社
3673	株式会社ブロードリーフ
3674	株式会社オークファン
3675	株式会社クロス・マーケティンググループ
3286	トラストホールディングス株式会社
4587	ペプチドリーム株式会社
6074	株式会社ジェイエスエス
6248	株式会社横田製作所
3184	ＩＣＤＡホールディングス株式会社
4978	株式会社リプロセル
3185	夢展望株式会社
2587	サントリー食品インターナショナル株式会社
4275	株式会社カーリット
3289	東急不動産ホールディングス株式会社
3676	株式会社デジタルハーツホールディングス
3186	株式会社ネクステージ
3291	飯田グループホールディングス株式会社
6076	株式会社アメイズ
3187	株式会社ミラタップ
3288	株式会社オープンハウスグループ
6083	ＥＲＩホールディングス株式会社
5698	株式会社エンビプロ・ホールディングス
3909	株式会社ショーケース
3678	株式会社メディアドゥ
9416	株式会社ビジョン
3189	株式会社ＡＮＡＰ
6080	Ｍ＆Ａキャピタルパートナーズ株式会社
6091	株式会社ウエスコホールディングス
3679	株式会社じげん
1663	Ｋ＆Ｏエナジーグループ株式会社
6081	アライドアーキテクツ株式会社
4588	オンコリスバイオファーマ株式会社
6082	株式会社ライドオンエクスプレスホールディングス
3293	アズマハウス株式会社
6090	ヒューマン・メタボローム・テクノロジーズ株式会社
3682	エンカレッジ・テクノロジ株式会社
3680	株式会社ホットリンク
7167	株式会社めぶきフィナンシャルグループ
3681	株式会社ブイキューブ
7779	ＣＹＢＥＲＤＹＮＥ株式会社
6085	アーキテクツ・スタジオ・ジャパン株式会社
6086	シンメンテホールディングス株式会社
3294	株式会社イーグランド
1429	株式会社日本アクア
6088	株式会社シグマクシス・ホールディングス
4245	株式会社ダイキアクシス
6089	株式会社ウィルグループ
3683	株式会社サイバーリンクス
4246	ダイキョーニシカワ株式会社
9090	ＡＺ－ＣＯＭ丸和ホールディングス株式会社
6092	株式会社エンバイオ・ホールディングス
3190	株式会社ホットマン
9414	日本ＢＳ放送株式会社
3686	株式会社ディー・エル・イー
6093	株式会社エスクロー・エージェント・ジャパン
6616	トレックス・セミコンダクター株式会社
6740	株式会社ジャパンディスプレイ
3191	株式会社ジョイフル本田
3192	株式会社白鳩
3687	株式会社フィックスターズ
3297	株式会社東武住販
6094	株式会社フリークアウト・ホールディングス
3299	株式会社ムゲンエステート
6095	メドピア株式会社
3221	株式会社ヨシックスホールディングス
6096	株式会社レアジョブ
4247	ポバール興業株式会社
4979	ＯＡＴアグリオ株式会社
3193	株式会社エターナルホスピタリティグループ
3475	株式会社グッドコムアセット
2060	フィード・ワン株式会社
9468	株式会社ＫＡＤＯＫＡＷＡ
7173	株式会社東京きらぼしフィナンシャルグループ
3690	株式会社イルグルム
7172	株式会社ジャパンインベストメントアドバイザー
3691	株式会社デジタルプラス
3695	ＧＭＯリサーチ＆ＡＩ株式会社
4591	株式会社リボミック
3692	株式会社ＦＦＲＩセキュリティ
3300	株式会社アンビションＤＸホールディングス
3195	株式会社ジェネレーションパス
3196	株式会社ホットランド
9467	株式会社アルファポリス
6240	ヤマシンフィルタ株式会社
3694	株式会社オプティム
3696	株式会社セレス
6099	株式会社エラン
7814	株式会社日本創発グループ
3697	株式会社ＳＨＩＦＴ
7175	今村証券株式会社
3910	株式会社エムケイシステム
3698	株式会社ＣＲＩ・ミドルウェア
6029	アトラグループ株式会社
6025	日本ＰＣサービス株式会社
6027	弁護士ドットコム株式会社
2883	株式会社大冷
3900	株式会社クラウドワークス
3901	マークラインズ株式会社
3452	株式会社ビーロット
3198	ＳＦＰホールディングス株式会社
6028	テクノプロ・ホールディングス株式会社
2586	株式会社フルッタフルッタ
6030	株式会社アドベンチャー
4248	竹本容器株式会社
3445	株式会社ＲＳ　Ｔｅｃｈｎｏｌｏｇｉｅｓ
9418	株式会社Ｕ－ＮＥＸＴ　ＨＯＬＤＩＮＧＳ
6035	株式会社アイ・アールジャパンホールディングス
6026	ＧＭＯ　ＴＥＣＨ株式会社
3902	メディカル・データ・ビジョン株式会社
3903	株式会社ｇｕｍｉ
9551	メタウォーター株式会社
9517	イーレックス株式会社
6034	ＭＲＴ株式会社
6033	株式会社エクストリーム
6031	ＺＥＴＡ株式会社
3904	株式会社カヤック
3199	綿半ホールディングス株式会社
7815	東京ボード工業株式会社
3905	データセクション株式会社
3222	ユナイテッド・スーパーマーケット・ホールディングス株式会社
3132	マクニカホールディングス株式会社
6036	ＫｅｅＰｅｒ技研株式会社
1384	株式会社　ホクリヨウ
6037	楽待株式会社
3907	シリコンスタジオ株式会社
3457	株式会社Ａｎｄ　Ｄｏホールディングス
3223	株式会社エスエルディー
1430	ファーストコーポレーション株式会社
3224	株式会社ゼネラル・オイスター
3912	株式会社モバイルファクトリー
4593	株式会社ヘリオス
3908	株式会社コラボス
6038	株式会社イード
7813	株式会社プラッツ
3911	株式会社Ａｉｍｉｎｇ
3913	ＧｒｅｅｎＢｅｅ株式会社
3133	株式会社海帆
6044	株式会社三機サービス
6039	株式会社日本動物高度医療センター
4592	サンバイオ株式会社
3134	Ｈａｍｅｅ株式会社
6040	日本スキー場開発株式会社
6049	株式会社イトクロ
6048	株式会社デザインワン・ジャパン
3914	ＪＩＧ－ＳＡＷ株式会社
3458	株式会社シーアールイー
6045	株式会社レントラックス
6046	株式会社リンクバル
3915	株式会社テラスカイ
6047	株式会社Ｇｕｎｏｓｙ
9417	株式会社スマートバリュー
6166	株式会社中村超硬
3135	株式会社マーケットエンタープライズ
7780	株式会社メニコン
3916	デジタル・インフォメーション・テクノロジー株式会社
3137	株式会社ファンデリー
6239	株式会社ナガオカ
4434	株式会社サーバーワークス
3136	株式会社エコノス
6167	冨士ダイス株式会社
7781	株式会社平山ホールディングス
7180	株式会社九州フィナンシャルグループ
1431	株式会社Ｌｉｂ　Ｗｏｒｋ
7812	株式会社クレステック
3417	大木ヘルスケアホールディングス株式会社
3138	株式会社富士山マガジンサービス
3917	株式会社アイリッジ
5021	コスモエネルギーホールディングス株式会社
4980	デクセリアルズ株式会社
3918	ＰＣＩホールディングス株式会社
3461	株式会社パルマ
6173	株式会社アクアライン
6171	株式会社土木管理総合試験所
3139	株式会社ラクト・ジャパン
1433	ベステラ株式会社
1434	ＪＥＳＣＯホールディングス株式会社
3415	株式会社ＴＯＫＹＯ　ＢＡＳＥ
7065	ユーピーアール株式会社
6178	日本郵政株式会社
3416	ピクスタ株式会社
3556	リネットジャパングループ株式会社
3920	アイビーシー株式会社
7181	株式会社かんぽ生命保険
7182	株式会社ゆうちょ銀行
6176	株式会社ブランジスタ
3418	株式会社バルニバービ
6177	ＡｐｐＢａｎｋ株式会社
4594	ブライトパス・バイオ株式会社
6180	ＧＭＯメディア株式会社
6181	タメニー株式会社
6184	株式会社鎌倉新書
3923	株式会社ラクス
6183	株式会社ベルシステム２４ホールディングス
6182	株式会社メタリアル
3921	株式会社ネオジャパン
7183	あんしん保証株式会社
3419	アートグリーン株式会社
7811	中本パックス株式会社
1435	株式会社ｒｏｂｏｔ　ｈｏｍｅ
3926	株式会社オープンドア
4595	株式会社ミズホメディー
3924	株式会社ランドコンピュータ
6464	株式会社ツバキ・ナカシマ
3929	ソーシャルワイヤー株式会社
3925	株式会社ダブルスタンダード
6185	ＳＭＮ株式会社
3922	株式会社ＰＲ　ＴＩＭＥＳ
3536	アクサスホールディングス株式会社
3927	株式会社フーバーブレイン
3465	ケイアイスター不動産株式会社
3928	株式会社マイネット
6186	株式会社一蔵
7186	株式会社コンコルディア・フィナンシャルグループ
2296	伊藤ハム米久ホールディングス株式会社
3931	株式会社バリューゴルフ
7185	ヒロセ通商株式会社
2424	株式会社ブラス
2884	株式会社ヨシムラ・フード・ホールディングス
3930	株式会社はてな
3537	昭栄薬品株式会社
6190	株式会社フェニックスバイオ
6189	株式会社グローバルキッズＣＯＭＰＡＮＹ
3467	アグレ都市デザイン株式会社
3934	株式会社ベネフィットジャパン
3933	チエル株式会社
1436	株式会社グリーンエナジー＆カンパニー
6615	ユー・エム・シー・エレクトロニクス株式会社
3538	株式会社ウイルプラスホールディングス
6237	株式会社イワキ
6198	株式会社キャリア
6191	株式会社エアトリ
9466	株式会社アイドママーケティングコミュニケーション
3932	株式会社アカツキ
6193	バーチャレクス・ホールディングス株式会社
3504	株式会社丸八ホールディングス
3936	株式会社グローバルウェイ
3935	株式会社エディア
3539	株式会社ＪＭホールディングス
9143	ＳＧホールディングス株式会社
3541	株式会社農業総合研究所
2820	株式会社やまみ
6196	株式会社ストライク
3544	サツドラホールディングス株式会社
3546	アレンザホールディングス株式会社
6199	株式会社セラク
6194	株式会社アトラエ
6195	株式会社ホープ
3937	株式会社Ｕｂｉｃｏｍホールディングス
7187	ジェイリース株式会社
3542	株式会社ベガコーポレーション
3543	株式会社コメダホールディングス
7189	株式会社西日本フィナンシャルホールディングス
3540	株式会社歯愛メディカル
3469	株式会社デュアルタップ
3474	Ｇ－ＦＡＣＴＯＲＹ株式会社
6200	株式会社インソース
6532	株式会社ベイカレント
3267	株式会社フィル・カンパニー
3940	株式会社ノムラシステムコーポレーション
3547	株式会社串カツ田中ホールディングス
6533	株式会社Ｏｒｃｈｅｓｔｒａ　Ｈｏｌｄｉｎｇｓ
3939	株式会社カナミックネットワーク
3965	株式会社キャピタル・アセット・プランニング
3962	株式会社チェンジホールディングス
3961	シルバーエッグ・テクノロジー株式会社
4189	ＫＨネオケム株式会社
3963	株式会社シンクロ・フード
9160	株式会社ノバレーゼ
9142	九州旅客鉄道株式会社
1438	株式会社岐阜造園
6542	株式会社ＦＣホールディングス
6535	株式会社アイモバイル
3548	株式会社バロックジャパンリミテッド
3550	株式会社スタジオアタオ
3967	株式会社エルテス
6537	ＷＡＳＨハウス株式会社
7191	株式会社イントラスト
3970	株式会社イノベーション
5704	株式会社ＪＭＣ
3482	ロードスターキャピタル株式会社
7782	株式会社シンシア
3477	フォーライフ株式会社
3979	株式会社うるる
6538	株式会社ディスラプターズ
6540	株式会社船場
6539	株式会社ＭＳ－Ｊａｐａｎ
7192	日本モーゲージサービス株式会社
3974	ＳＣＡＴ株式会社
3968	セグエグループ株式会社
3969	株式会社エイトレッド
4596	窪田製薬ホールディングス株式会社
3976	株式会社シャノン
1439	株式会社安江工務店
6543	株式会社日宣
3977	フュージョン株式会社
3557	ユナイテッド＆コレクティブ株式会社
3558	ジェイドグループ株式会社
9519	株式会社レノバ
6547	株式会社グリーンズ
4881	株式会社ファンペップ
9325	ファイズホールディングス株式会社
3560	株式会社ほぼ日
3981	株式会社ビーグリー
3563	株式会社ＦＯＯＤ　＆　ＬＩＦＥ　ＣＯＭＰＡＮＩＥＳ
6545	株式会社インターネットインフィニティー
6546	フルテック株式会社
3561	株式会社力の源ホールディングス
3559	株式会社ピーバンドットコム
6694	株式会社ズーム
3984	株式会社ユーザーローカル
6544	ジャパンエレベーターサービスホールディングス株式会社
3562	株式会社Ｎｏ．１
3983	株式会社オロ
3985	テモナ株式会社
4597	ソレイジア・ファーマ株式会社
7940	ウェーブロックホールディングス株式会社
3565	アセンテック株式会社
6548	株式会社旅工房
3986	株式会社ビーブレイクシステムズ
3988	株式会社ＳＹＳホールディングス
3987	エコモット株式会社
6550	Ｕｎｉｐｏｓ株式会社
3989	シェアリングテクノロジー株式会社
6549	ディーエムソリューションズ株式会社
6552	株式会社ＧａｍｅＷｉｔｈ
6551	株式会社ツナググループ・ホールディングス
9262	株式会社シルバーライフ
3566	ユニフォームネクスト株式会社
7810	株式会社クロスフォー
6696	株式会社トラース・オン・プロダクト
6695	株式会社キャストリコ
6554	株式会社エスユーエス
3990	ＵＵＵＭ株式会社
3991	ウォンテッドリー株式会社
3992	株式会社ニーズウェル
9260	西本Ｗｉｓｍｅｔｔａｃホールディングス株式会社
4124	大阪油化工業株式会社
4447	株式会社ピー・ビーシステムズ
3994	株式会社マネーフォワード
3993	株式会社ＰＫＳＨＡ　Ｔｅｃｈｎｏｌｏｇｙ
7809	株式会社壽屋
9265	ヤマシタヘルスケアホールディングス株式会社
9267	Ｇｅｎｋｙ　ＤｒｕｇＳｔｏｒｅｓ株式会社
6697	テックポイント・インク（Ｔｅｃｈｐｏｉｎｔ，Ｉｎｃ．）
3484	株式会社イノベーションホールディングス
7196	株式会社Ｃａｓａ
7807	株式会社幸和製作所
7808	株式会社シー・エス・ランバー
9264	ポエック株式会社
6558	クックビズ株式会社
3996	サインポスト株式会社
1443	技研ホールディングス株式会社
3997	株式会社トレードワークス
6557	ＡＩＡＩグループ株式会社
3611	株式会社マツオカコーポレーション
6564	株式会社ミダックホールディングス
3486	株式会社グローバル・リンク・マネジメント
4480	株式会社メドレー
6560	株式会社エル・ティー・エス
6235	株式会社オプトラン
2334	株式会社イオレ
6563	株式会社みらいワークス
6561	株式会社ＨＡＮＡＴＯＵＲ　ＪＡＰＡＮ
4249	森六ホールディングス株式会社
9388	株式会社パパネッツ
6562	株式会社ジーニー
9268	株式会社オプティマスグループ
8919	株式会社カチタス
4390	株式会社アイ・ピー・エス
7199	プレミアグループ株式会社
7198	ＳＢＩアルヒ株式会社
3998	株式会社すららネット
6566	株式会社要興業
6565	ＡＢホテル株式会社
7322	株式会社三十三フィナンシャルグループ
4392	ＦＩＧ株式会社
3446	株式会社ジェイテックコーポレーション
4380	株式会社Ｍマート
7090	株式会社リグア
6568	神戸天然物化学株式会社
2934	ジェイフロンティア株式会社
9270	バリュエンスホールディングス株式会社
3489	株式会社フェイスネットワーク
6570	株式会社共和コーポレーション
4381	ビープラッツ株式会社
3447	信和株式会社
6571	キュービーネットホールディングス株式会社
9450	株式会社ファイバーゲート
7326	ＳＢＩインシュアランスグループ株式会社
7320	Ｓｏｌｖｖｙ株式会社
9271	株式会社和心
3490	株式会社アズ企画設計
6574	株式会社コンヴァノ
6573	アジャイルメディア・ネットワーク株式会社
4382	ＨＥＲＯＺ株式会社
6572	オープングループ株式会社
9272	ブティックス株式会社
1444	株式会社ニッソウ
6578	株式会社コレックホールディングス
6577	株式会社ベストワンドットコム
4432	ウイングアーク１ｓｔ株式会社
4384	ラクスル株式会社
6580	株式会社ライトアップ
7800	株式会社アミファ
4386	株式会社ＳＩＧグループ
4391	ロジザード株式会社
4388	株式会社エーアイ
7030	株式会社スプリックス
7806	株式会社ＭＴＧ
4385	株式会社メルカリ
6699	ダイヤモンドエレクトリックホールディングス株式会社
7031	株式会社インバウンドテック
9273	コーア商事ホールディングス株式会社
6579	ログリー株式会社
4389	プロパティデータバンク株式会社
4395	株式会社アクリート
4387	株式会社ＺＵＵ
1446	株式会社キャンディル
7040	株式会社サン・ライフホールディング
9278	ブックオフグループホールディングス株式会社
4396	株式会社システムサポート
7327	株式会社第四北越フィナンシャルグループ
4422	ＶＡＬＵＥＮＥＸ株式会社
4393	株式会社バンク・オブ・イノベーション
5699	株式会社イボキン
5290	株式会社ベルテクスコーポレーション
4394	株式会社エクスモーション
7033	株式会社マネジメントソリューションズ
7034	株式会社プロレド・パートナーズ
1447	ＳＡＡＦホールディングス株式会社
3491	株式会社ＧＡ　ｔｅｃｈｎｏｌｏｇｉｅｓ
4250	株式会社フロンティア
4397	株式会社チームスピリット
7035	ａｎｄ　ｆａｃｔｏｒｙ株式会社
9275	株式会社ナルミヤ・インターナショナル
3495	香陵住販株式会社
3494	株式会社マリオン
6233	ＫＬＡＳＳ株式会社
7037	株式会社テノ．ホールディングス
7325	株式会社アイリックコーポレーション
3496	株式会社アズーム
4398	株式会社ブロードバンドセキュリティ
3498	霞ヶ関キャピタル株式会社
7038	フロンティア・マネジメント株式会社
7036	株式会社イーエムネットジャパン
4598	ＤｅｌｔａーＦｌｙ　Ｐｈａｒｍａ株式会社
4420	イーソル株式会社
3497	株式会社ＬｅＴｅｃｈ
5571	エキサイトホールディングス株式会社
7039	ブリッジインターナショナル株式会社
4421	株式会社ディ・アイ・システム
9279	株式会社ギフトホールディングス
7041	ＣＲＧホールディングス株式会社
7805	プリントネット株式会社
7042	株式会社アクセスグループ・ホールディングス
5071	株式会社ヴィス
7681	株式会社レオクラン
7670	オーウエル株式会社
1449	株式会社ＦＵＪＩジャパン
7044	株式会社ピアラ
1450	田中建設工業株式会社
7046	ＴＤＳＥ株式会社
4424	株式会社Ａｍａｚｉａ
7043	アルー株式会社
7677	株式会社ヤシマキザイ
4425	Ｋｕｄａｎ株式会社
7048	ベルトラ株式会社
4428	株式会社シノプス
4445	リビン・テクノロジーズ株式会社
6232	株式会社ＡＣＳＬ
2970	株式会社グッドライフカンパニー
7047	ポート株式会社
4433	株式会社ヒト・コミュニケーションズ・ホールディングス
4427	株式会社ＥｄｕＬａｂ
4479	株式会社マクアケ
7675	セントラルフォレストグループ株式会社
4437	ｇｏｏｄｄａｙｓホールディングス株式会社
4429	リックソフト株式会社
7049	株式会社識学
4431	株式会社スマレジ
7673	ダイコー通産株式会社
7050	株式会社フロンティアインターナショナル
4430	東海ソフト株式会社
7059	株式会社コプロ・ホールディングス
7678	株式会社あさくま
2975	スター・マイカ・ホールディングス株式会社
4435	株式会社カオナビ
7057	株式会社エヌ・シー・エヌ
7060	ギークス株式会社
4438	株式会社Ｗｅｌｂｙ
7058	共栄セキュリティーサービス株式会社
7062	株式会社フレアス
4439	株式会社東名
7061	日本ホスピスホールディングス株式会社
4440	株式会社ヴィッツ
7674	株式会社ＮＡＴＴＹ　ＳＷＡＮＫＹホールディングス
7063	株式会社Ｂｉｒｄｍａｎ
4436	株式会社ミンカブ・ジ・インフォノイド
7804	株式会社ビーアンドピー
4441	トビラシステムズ株式会社
7345	株式会社アイ・パートナーズフィナンシャル
4446	Ｌｉｎｋ－Ｕグループ株式会社
7064	株式会社ハウテレビジョン
4442	バルテス・ホールディングス株式会社
2976	日本グランデ株式会社
7679	株式会社薬王堂ホールディングス
2974	大英産業株式会社
7066	株式会社ピアズ
4443	Ｓａｎｓａｎ株式会社
4931	新日本製薬株式会社
4165	株式会社プレイド
4444	株式会社インフォネット
7067	ブランディングテクノロジー株式会社
7378	株式会社アシロ
7068	フィードフォースグループ株式会社
4599	株式会社ステムリム
7803	株式会社ブシロード
2978	株式会社ツクルバ
7069	株式会社サイバー・バズ
4449	株式会社ギフティ
6597	ＨＰＣシステムズ株式会社
7685	株式会社ＢｕｙＳｅｌｌ　Ｔｅｃｈｎｏｌｏｇｉｅｓ
4476	ＡＩ　ＣＲＯＳＳ株式会社
5871	ＳＯＬＩＺＥ株式会社
4448	株式会社ｋｕｂｅｌｌ
7682	株式会社浜木綿
4691	ワシントンホテル株式会社
4450	株式会社パワーソリューションズ
7081	コーユーレンティア株式会社
7071	株式会社アンビスホールディングス
2983	株式会社アールプランナー
4475	ＨＥＮＮＧＥ株式会社
2980	ＳＲＥホールディングス株式会社
7072	株式会社インティメート・マージャー
4477	ＢＡＳＥ株式会社
4481	ベース株式会社
4880	セルソース株式会社
7683	株式会社ダブルエー
7073	株式会社ジェイック
4251	恵和株式会社
2999	ホームポジション株式会社
7074	株式会社トゥエンティーフォーセブン
7083	ＡＨＣグループ株式会社
7076	名南Ｍ＆Ａ株式会社
4490	株式会社ビザスク
4482	株式会社ウィルズ
4484	ランサーズ株式会社
7077	株式会社ＡＬｉＮＫインターネット
7082	株式会社ジモティー
3449	株式会社テクノフレックス
2981	株式会社ランディックス
4486	ユナイトアンドグロウ株式会社
4483	株式会社ＪＭＤＣ
7092	株式会社Ｆａｓｔ　Ｆｉｔｎｅｓｓ　Ｊａｐａｎ
7080	株式会社スポーツフィールド
4478	フリー株式会社
4487	株式会社スペースマーケット
7686	株式会社カクヤスグループ
7079	ＷＤＢココ株式会社
2982	株式会社ＡＤワークスグループ
7078	ＩＮＣＬＵＳＩＶＥ株式会社
7075	株式会社ＱＬＳホールディングス
4488	ＡＩ　ｉｎｓｉｄｅ株式会社
4493	株式会社サイバーセキュリティクラウド
6231	木村工機株式会社
4491	コンピューターマネージメント株式会社
7087	株式会社ウイルテック
7089	フォースタートアップス株式会社
7088	株式会社フォーラムエンジニアリング
7085	株式会社カーブスホールディングス
7084	株式会社Ｓｍｉｌｅ　Ｈｏｌｄｉｎｇｓ
7687	株式会社ミクリード
9326	株式会社関通
4888	ステラファーマ株式会社
5368	日本インシュレーション株式会社
4492	株式会社ゼネテック
7091	株式会社リビングプラットフォーム
4882	株式会社ペルセウスプロテオミクス
7093	アディッシュ株式会社
4498	サイバートラスト株式会社
4883	株式会社モダリス
7095	株式会社Ｍａｃｂｅｅ　Ｐｌａｎｅｔ
5070	株式会社ドラフト
6613	株式会社ＱＤレーザ
4494	バリオセキュア株式会社
7689	株式会社コパ・コーポレーション
6599	エブレン株式会社
7317	株式会社松屋アールアンドディ
7094	株式会社ＮｅｘＴｏｎｅ
7096	株式会社ステムセル研究所
4932	株式会社アルマード
4495	株式会社アイキューブドシステムズ
6230	ＳＡＮＥＩ株式会社
4496	株式会社コマースＯｎｅホールディングス
2984	ヤマイチ・ユニハイムエステート株式会社
7367	株式会社セルム
7097	株式会社さくらさくプラス
2991	株式会社ランドネット
2986	株式会社ＬＡホールディングス
4499	株式会社Ｓｐｅｅｅ
4051	ＧＭＯフィナンシャルゲート株式会社
4052	フィーチャ株式会社
4057	株式会社インターファクトリー
7695	株式会社交換できるくん
7352	株式会社ＴＷＯＳＴＯＮＥ＆Ｓｏｎｓ
7351	株式会社グッドパッチ
7353	ＫＩＹＯラーニング株式会社
4886	あすか製薬ホールディングス株式会社
9223	株式会社ＡＳＮＯＶＡ
7337	株式会社ひろぎんホールディングス
4054	日本情報クリエイト株式会社
4055	ティアンドエスグループ株式会社
4053	株式会社Ｓｕｎ　Ａｓｔｅｒｉｓｋ
4056	ニューラルグループ株式会社
7358	株式会社ポピンズ
4058	トヨクモ株式会社
4933	株式会社Ｉ－ｎｅ
4060	ｒａｋｕｍｏ株式会社
7354	株式会社ダイレクトマーケティングミックス
7692	株式会社アースインフィニティ
4011	株式会社ヘッドウォータース
4059	株式会社まぐまぐ
2932	株式会社ＳＴＩフードホールディングス
285A	キオクシアホールディングス株式会社
4012	株式会社アクシス
4013	勤次郎株式会社
4014	株式会社カラダノート
7356	Ｒｅｔｔｙ株式会社
4172	東和ハイシステム株式会社
7790	株式会社バルコス
4934	プレミアアンチエイジング株式会社
4015	ペイクラウドホールディングス株式会社
4016	ＭＩＴホールディングス株式会社
7357	株式会社ジオコード
4167	株式会社ココペリ
6612	バルミューダ株式会社
6229	株式会社オーケーエム
4017	株式会社クリーマ
1786	オリエンタル白石株式会社
4168	株式会社ヤプリ
4020	ビートレンド株式会社
4170	株式会社Ｋａｉｚｅｎ　Ｐｌａｔｆｏｒｍ
7694	株式会社いつも
4884	クリングルファーマ株式会社
4169	ＥＮＥＣＨＡＮＧＥ株式会社
7360	株式会社オンデック
4935	株式会社リベルタ
7366	株式会社ＬＩＴＡＬＩＣＯ
9145	株式会社ビーイングホールディングス
7342	ウェルスナビ株式会社
4019	株式会社スタメン
4171	株式会社グローバルインフォメーション
7359	株式会社東京通信グループ
4166	かっこ株式会社
4887	サワイグループホールディングス株式会社
4174	株式会社アピリッツ
9248	人・夢・技術グループ株式会社
4193	株式会社ファブリカホールディングス
4018	株式会社Ｇｅｏｌｏｃａｔｉｏｎ　Ｔｅｃｈｎｏｌｏｇｙ
4936	株式会社アクシージア
4175	株式会社ｃｏｌｙ
4173	株式会社ＷＡＣＵＬ
4177	株式会社ｉ－ｐｌｕｇ
4885	室町ケミカル株式会社
4176	株式会社ココナラ
7362	株式会社Ｔ．Ｓ．Ｉ
4178	株式会社Ｓｈａｒｉｎｇ　Ｉｎｎｏｖａｔｉｏｎｓ
7374	株式会社コンフィデンス・インターワークス
6614	株式会社シキノハイテック
4180	Ａｐｐｉｅｒ　Ｇｒｏｕｐ株式会社
9346	株式会社ココルポート
4179	株式会社ジーネクスト
9327	株式会社イー・ロジット
7343	ブロードマインド株式会社
4192	スパイダープラス株式会社
5074	テスホールディングス株式会社
7361	株式会社ヒューマンクリエイションホールディングス
9235	株式会社売れるネット広告社
7363	株式会社ベビーカレンダー
6521	株式会社オキサイド
7698	株式会社アイスコ
4072	株式会社電算システムホールディングス
7368	表示灯株式会社
2933	株式会社紀文食品
7375	株式会社リファインバースグループ
4194	ビジョナル株式会社
7347	株式会社マーキュリアホールディングス
4196	株式会社ネオマーケティング
7377	ＤＮホールディングス株式会社
6228	株式会社ジェイ・イー・ティ
7369	株式会社メイホーホールディングス
7791	ドリームベッド株式会社
7372	株式会社デコルテ・ホールディングス
4071	株式会社プラスアルファ・コンサルティング
4198	株式会社テンダ
7370	株式会社Ｅｎｊｉｎ
7373	株式会社アイドマ・ホールディングス
4069	株式会社ＢｌｕｅＭｅｍｅ
7376	ＢＣＣ株式会社
7318	セレンディップ・ホールディングス株式会社
7126	グローバルスタイル株式会社
4068	ベイシス株式会社
4199	ワンダープラネット株式会社
4073	株式会社ジィ・シィ企画
7792	株式会社コラントッテ
4937	株式会社Ｗａｑｏｏ
7381	株式会社北國フィナンシャルホールディングス
7380	株式会社十六フィナンシャルグループ
9147	ＮＩＰＰＯＮ　ＥＸＰＲＥＳＳホールディングス株式会社
7128	フルサト・マルカホールディングス株式会社
4074	株式会社ラキール
9240	株式会社デリバリーコンサルティング
7699	オムニ・プラス・システム・リミテッド
7129	ミアヘルサホールディングス株式会社
4075	ブレインズテクノロジー株式会社
5076	インフロニア・ホールディングス株式会社
7350	株式会社おきなわフィナンシャルグループ
7379	株式会社サーキュレーション
4376	株式会社くふうカンパニーホールディングス
6227	ＡＩメカテック株式会社
9247	ＴＲＥホールディングス株式会社
7130	ヤマエグループホールディングス株式会社
7127	株式会社一家ホールディングス
4360	株式会社マナック・ケミカル・パートナーズ
4370	モビルス株式会社
9241	株式会社フューチャーリンクネットワーク
4889	株式会社レナサイエンス
4076	株式会社シイエヌエス
5858	株式会社ＳＴＧ
4264	株式会社セキュア
6522	株式会社アスタリスク
5075	アップコン株式会社
9245	株式会社リベロ
9242	メディア総研株式会社
9246	株式会社プロジェクトホールディングス
4371	株式会社コアコンセプト・テクノロジー
4374	株式会社ＲＯＢＯＴ　ＰＡＹＭＥＮＴ
4372	ユミルリンク株式会社
4373	シンプレクス・ホールディングス株式会社
4270	株式会社ＢｅｅＸ
4377	株式会社ワンキャリア
4375	セーフィー株式会社
4890	株式会社坪田ラボ
9244	株式会社デジタリフト
9249	日本エコシステム株式会社
7135	ジャパンクラフトホールディングス株式会社
6523	ＰＨＣホールディングス株式会社
9250	株式会社ＧＲＣＳ
4378	株式会社ＣＩＮＣ
2961	日本調理機株式会社
9253	スローガン株式会社
9251	株式会社ＡＢ＆Ｃｏｍｐａｎｙ
4379	株式会社Ｐｈｏｔｏｓｙｎｔｈ
4891	㈱ティムス
7131	のむら産業株式会社
4412	株式会社サイエンスアーツ
9252	株式会社ラストワンマイル
4255	ＴＨＥＣＯＯ株式会社
4415	株式会社ブロードエンタープライズ
4414	株式会社フレクト
4261	アジアクエスト株式会社
4413	株式会社ボードルア
2993	株式会社長栄
7134	株式会社アップガレージグループ
4419	株式会社Ｆｉｎａｔｅｘｔホールディングス
4416	株式会社Ｔｒｕｅ　Ｄａｔａ
4417	グローバルセキュリティエキスパート株式会社
9212	Ｇｒｅｅｎ　Ｅａｒｔｈ　Ｉｎｓｔｉｔｕｔｅ株式会社
6524	湖北工業株式会社
4125	三和油化工業株式会社
4259	株式会社エクサウィザーズ
9254	株式会社ラバブルマーケティンググループ
4258	株式会社網屋
2585	株式会社ライフドリンク　カンパニー
4256	株式会社サインド
4418	株式会社ＪＤＳＣ
9211	株式会社エフ・コード
4260	株式会社ハイブリッドテクノロジーズ
7383	株式会社ネットプロテクションズホールディングス
9259	株式会社タカヨシホールディングス
7133	ＨＹＵＧＡ　ＰＲＩＭＡＲＹ　ＣＡＲＥ株式会社
9258	株式会社ＣＳ－Ｃ
9522	リニューアブル・ジャパン株式会社
4262	ニフティライフスタイル株式会社
4263	サスメド株式会社
9158	株式会社シーユーシー
9257	ＹＣＰホールディングス（グローバル）リミテッド
9256	株式会社サクシード
4265	Ｉｎｓｔｉｔｕｔｉｏｎ　ｆｏｒ　ａ　Ｇｌｏｂａｌ　Ｓｏｃｉｅｔｙ株式会社
9214	Ｒｅｃｏｖｅｒｙ　Ｉｎｔｅｒｎａｔｉｏｎａｌ株式会社
9213	株式会社セイファート
5031	モイ株式会社
4267	株式会社ライトワークス
5025	株式会社マーキュリー
9216	ビーウィズ株式会社
7384	株式会社プロクレアホールディングス
7793	株式会社イメージ・マジック
9215	株式会社ＣａＳｙ
5033	株式会社ヌーラボ
5078	株式会社セレコーポレーション
7138	株式会社ＴＯＲＩＣＯ
5026	株式会社トリプルアイズ
5027	ＡｎｙＭｉｎｄ　Ｇｒｏｕｐ株式会社
5079	株式会社ノバック
5125	株式会社ファインズ
6525	株式会社ＫＯＫＵＳＡＩ　ＥＬＥＣＴＲＩＣ
6226	守谷輸送機工業株式会社
4197	株式会社アスマーク
2998	クリアル株式会社
5028	セカンドサイトアナリティカ株式会社
9218	株式会社メンタルヘルステクノロジーズ
9220	エフビー介護サービス株式会社
9219	株式会社ギックス
9221	フルハシＥＰＯ株式会社
281A	インフォメティス株式会社
5032	ＡＮＹＣＯＬＯＲ株式会社
7136	ウェルビングループ株式会社
9348	株式会社ｉｓｐａｃｅ
7140	ペットゴー株式会社
2997	株式会社ストレージ王
5029	サークレイス株式会社
192A	インテグループ株式会社
7794	株式会社イーディーピー
9229	株式会社サンウェルズ
5830	株式会社いよぎんホールディングス
9552	株式会社Ｍ＆Ａ総研ホールディングス
9227	マイクロ波化学株式会社
2935	株式会社ピックルスホールディングス
9553	株式会社マイクロアド
9554	株式会社ＡＶｉＣ
9164	株式会社トライト
7386	ジャパンワランティサポート株式会社
5831	株式会社しずおかフィナンシャルグループ
9556	ＩＮＴＬＯＯＰ株式会社
7389	株式会社あいちフィナンシャルグループ
5832	株式会社ちゅうぎんフィナンシャルグループ
9347	日本管財ホールディングス株式会社
5035	ＨＯＵＳＥＩ株式会社
9557	株式会社エアークローゼット
9225	ブリッジコンサルティンググループ株式会社
7795	株式会社ＫＹＯＲＩＴＳＵ
5034	株式会社ｕｎｅｒｒｙ
7111	ＩＮＥＳＴ株式会社
5036	日本ビジネスシステムズ株式会社
7110	株式会社クラシコム
5038	株式会社ｅＷｅＬＬ
9558	ジャパニアス株式会社
7388	株式会社ＦＰパートナー
5133	株式会社テリロジーホールディングス
5126	ポーターズ株式会社
9560	株式会社プログリット
5039	株式会社キットアライブ
9562	ビジネスコーチ株式会社
5129	株式会社ＦＩＸＥＲ
7112	株式会社キューブ
6526	株式会社ソシオネクスト
9561	株式会社グラッドキューブ
9563	Ａｔｌａｓ　Ｔｅｃｈｎｏｌｏｇｉｅｓ株式会社
5834	ＳＢＩリーシングサービス株式会社
5131	リンカーズ株式会社
9564	株式会社ＦＣＥ
5132	株式会社ｐｌｕｓｚｅｒｏ
9161	ＩＤ＆Ｅホールディングス株式会社
5134	株式会社ＰＯＰＥＲ
5243	ｎｏｔｅ株式会社
5136	ｔｒｉｐｌａ株式会社
5867	株式会社エスネットワークス
9204	スカイマーク株式会社
2936	ベースフード株式会社
5574	株式会社ＡＢＥＪＡ
7115	株式会社アルファパーチェス
5527	株式会社ｐｒｏｐｅｒｔｙ　ｔｅｃｈｎｏｌｏｇｉｅｓ
9340	株式会社アソインターナショナル
9336	大栄環境株式会社
9565	ＧＬＯＥ株式会社
4892	株式会社サイフューズ
5240	ｍｏｎｏＡＩ　ｔｅｃｈｎｏｌｏｇｙ株式会社
9337	株式会社トリドリ
5242	株式会社アイズ
5836	株式会社エージェント・インシュアランス・グループ
7114	株式会社フーディソン
2937	株式会社サンクゼール
5246	株式会社ＥＬＥＭＥＮＴＳ
5138	株式会社Ｒｅｂａｓｅ
9339	株式会社コーチ・エィ
5139	オープンワーク株式会社
5247	株式会社ＢＴＭ
9338	株式会社ＩＮＦＯＲＩＣＨ
9342	株式会社スマサポ
5244	株式会社ｊｉｇ．ｊｐ
7116	ダイワ通信株式会社
5137	株式会社スマートドライブ
9341	株式会社ＧＥＮＯＶＡ
5248	株式会社テクノロジーズ
5259	ＢＢＤイニシアティブ株式会社
5257	ノバシステム株式会社
5250	プライム・ストラテジー株式会社
5241	株式会社日本オーエー研究所
7118	株式会社伸和ホールディングス
7119	株式会社ハルメクホールディングス
9343	株式会社アイビス
7120	株式会社ＳＨＩＮＫＯ
9345	ビズメイツ株式会社
9344	アクシスコンサルティング株式会社
4893	ノイルイミューン・バイオテック株式会社
5256	株式会社Ｆｕｓｉｃ
5254	株式会社Ａｒｅｎｔ
5252	日本ナレッジ株式会社
5255	株式会社モンスターラボホールディングス
5253	カバー株式会社
6225	株式会社エコム
5258	株式会社トランザクション・メディア・ネットワークス
4040	南海化学株式会社
5530	日本システムバンク株式会社
2962	株式会社テクニスコ
141A	株式会社トライアルホールディングス
5570	株式会社ジェノバ
5572	株式会社Ｒｉｄｇｅ－ｉ
5533	株式会社エリッツホールディングス
5580	株式会社プロディライト
5576	株式会社オービーシステム
9331	株式会社キャスター
5578	ＡＲアドバンストテクノロジ株式会社
5575	株式会社Ｇｌｏｂｅｅ
5532	株式会社リアルゲイト
5884	株式会社クラダシ
5582	株式会社グリッド
5885	株式会社ジーデップ・アドバンス
5579	株式会社ＧＳＩ
9159	株式会社Ｗ　ＴＯＫＹＯ
4894	クオリプス株式会社
177A	コージンバイオ株式会社
5577	株式会社アイデミー
9165	株式会社クオルテック
7409	ＡｅｒｏＥｄｇｅ株式会社
9162	株式会社ブリーチ
5844	株式会社京都フィナンシャルグループ
5843	ニッポンインシュア株式会社
9332	ＮＩＳＳＯホールディングス株式会社
9163	株式会社ナレルグループ
5888	ＤＡＩＷＡ　ＣＹＣＬＥ株式会社
9166	株式会社ＧＥＮＤＡ
5586	株式会社Ｌａｂｏｒｏ．ＡＩ
5535	ミガロホールディングス株式会社
6209	リケンＮＰＲ株式会社
5585	エコナビスタ株式会社
6224	株式会社ＪＲＣ
9330	株式会社揚羽
5587	株式会社インバウンドプラットフォーム
9168	株式会社ライズ・コンサルティング・グループ
3958	笹徳印刷株式会社
190A	Ｃｈｏｒｄｉａ　Ｔｈｅｒａｐｅｕｔｉｃｓ株式会社
9170	成友興業株式会社
5589	株式会社オートサーバー
6223	株式会社　西部技研
5588	ファーストアカウンティング株式会社
5591	株式会社ＡＶＩＬＥＮ
5590	株式会社ネットスターズ
5592	株式会社くすりの窓口
9237	株式会社笑美面
2938	株式会社オカムラ食品工業
4896	株式会社ケイファーマ
9236	ジャパンＭ＆Ａソリューション株式会社
4811	株式会社ドリーム・アーツ
5845	全保連株式会社
5889	Ｊａｐａｎ　Ｅｙｅｗｅａｒ　Ｈｏｌｄｉｎｇｓ株式会社
9238	バリュークリエーション株式会社
5597	ブルーイノベーション株式会社
5599	Ｓ＆Ｊ株式会社
5596	アウトルックコンサルティング株式会社
5891	株式会社魁力屋
5868	株式会社ロココ
5595	株式会社ＱＰＳ研究所
5870	株式会社ナルネットコミュニケーションズ
149A	株式会社シンカ
5616	株式会社雨風太陽
5869	株式会社早稲田学習研究会
165A	ＳＢＩレオスひふみ株式会社
5619	マーソ株式会社
150A	株式会社ＪＳＨ
5621	株式会社ヒューマンテクノロジーズ
5618	ナイル株式会社
5892	株式会社ｙｕｔｏｒｉ
167A	リョーサン菱洋ホールディングス株式会社
166A	株式会社タスキホールディングス
130A	株式会社Ｖｅｒｉｔａｓ　Ｉｎ　Ｓｉｌｉｃｏ
168A	株式会社イタミアート
137A	Ｃｏｃｏｌｉｖｅ株式会社
142A	株式会社ジンジブ
138A	光フードサービス株式会社
135A	株式会社ＶＲＡＩＮ　Ｓｏｌｕｔｉｏｎ
153A	株式会社カウリス
155A	株式会社情報戦略テクノロジー
143A	イシン株式会社
146A	コロンビア・ワークス株式会社
157A	グリーンモンスター株式会社
145A	株式会社Ｌ　ｉｓ　Ｂ
148A	株式会社ハッチ・ワーク
160A	株式会社アズパートナーズ
248A	株式会社キッズスター
173A	株式会社ハンモック
156A	マテリアルグループ株式会社
151A	株式会社ダイブ
147A	株式会社ソラコム
175A	株式会社Ｗｉｌｌ　Ｓｍａｒｔ
176A	レジル株式会社
208A	株式会社構造計画研究所ホールディングス
194A	株式会社ＷＯＬＶＥＳ　ＨＡＮＤ
197A	株式会社タウンズ
189A	株式会社Ｄ＆Ｍカンパニー
184A	株式会社学びエイド
186A	株式会社アストロスケールホールディングス
195A	株式会社ライスカレー
196A	株式会社ＭＦＳ
205A	株式会社ロゴスホールディングス
253A	株式会社ＥＴＳグループ
202A	株式会社豆蔵デジタルホールディングス
198A	ＰｏｓｔＰｒｉｍｅ株式会社
211A	株式会社カドス・コーポレーション
212A	フィットイージー株式会社
254A	ＡＩフュージョンキャピタルグループ株式会社
255A	ジーエルテクノホールディングス株式会社
206A	株式会社ＰＲＩＳＭ　ＢｉｏＬａｂ
219A	Ｈｅａｒｔｓｅｅｄ株式会社
215A	株式会社タイミー
220A	株式会社Ｆａｂｅｒ　Ｃｏｍｐａｎｙ
256A	飛島ホールディングス株式会社
218A	株式会社Ｌｉｂｅｒａｗａｒｅ
272A	株式会社グリーンクロスホールディングス
228A	株式会社オプロ
231A	Ｃｒｏｓｓ　Ｅホールディングス株式会社
268A	リガク・ホールディングス株式会社
247A	Ａｉロボティクス株式会社
241A	株式会社ＲＯＸＸ
242A	株式会社リプライオリティ
245A	株式会社ＩＮＧＳ
246A	株式会社アスア
259A	株式会社ケイ・ウノ
244A	グロースエクスパートナーズ株式会社
260A	株式会社オルツ
269A	株式会社Ｓａｐｅｅｔ
264A	株式会社Ｓｃｈｏｏ
261A	株式会社日水コン
265A	Ｈｍｃｏｍｍ株式会社
278A	Ｔｅｒｒａ　Ｄｒｏｎｅ株式会社
274A	株式会社ガーデン
276A	ククレブ・アドバイザーズ株式会社
291A	株式会社リスキル
277A	グロービング株式会社
300A	ＭＩＣ株式会社
296A	令和アカウンティング・ホールディングス株式会社
280A	株式会社ＴＭＨ
288A	ラクサス・テクノロジーズ株式会社
287A	黒田グループ株式会社
302A	株式会社ビースタイルホールディングス
290A	株式会社Ｓｙｎｓｐｅｃｔｉｖｅ
303A	株式会社ｖｉｓｕｍｏ
304A	フォルシア株式会社
299A	ｄｅｌｙ株式会社
298A	ＧＶＡ　ＴＥＣＨ株式会社
319A	株式会社技術承継機構
324A	株式会社ブッキングリゾート
323A	株式会社フライヤー
325A	株式会社ＴＥＮＴＩＡＬ
335A	株式会社ミライロ
