企業名	コード	URL
地盤ネット	6072	/company/2012/jibannet.html
グランディーズ	3261	/company/2012/grandes.html
ユーグレナ	2931	/company/2012/euglena.html
パンチ工業	6165	/company/2012/punch.html
シュッピン	3179	/company/2012/syuppin.html
モバイルクリエイト	3669	/company/2012/mcinc.html
全国保証	7164	/company/2012/zenkoku.html
チムニー	3178	/company/2012/chimney.html
コロプラ	3668	/company/2012/colopl.html
アジュバンコスメジャパン	4929	/company/2012/adjuvant.html
enish	3667	/company/2012/enish.html
UMNファーマ	4585	/company/2012/umnpharma.html
テクノスジャパン	3666	/company/2012/tecnos.html
IBJ	6071	/company/2012/ibjapan.html
ジーンテクノサイエンス	4584	/company/2012/g-gts.html
エストラスト	3263	/company/2012/strust.html
キャリアリンク	6070	/company/2012/careerlink.html
ありがとうサービス	3177	/company/2012/arigatou-s.html
阿波製紙	3896	/company/2012/awapaper.html
三洋貿易	3176	/company/2012/sanyo-trading.html
トレンダーズ	6069	/company/2012/trenders.html
日本コンセプト	9386	/company/2012/n-concept.html
メディアフラッグ	6067	/company/2012/mediaflag.html
エー・ピーカンパニー	3175	/company/2012/apcompany.html
日本航空（JAL）	9201	/company/2012/jal.html
サクセスホールディングス	6065	/company/2012/success-holdings.html
エニグモ	3665	/company/2012/enigmo.html
ワイヤレスゲート	9419	/company/2012/wirelessgate.html
アクトコール	6064	/company/2012/actcall.html
モブキャスト	3664	/company/2012/mobcast.html
大泉製作所	6618	/company/2012/ohizumi.html
ハピネス・アンド・ディ	3174	/company/2012/happiness-d.html
日本エマージェンシーアシスタンス	6063	/company/2012/emergency.html
北の達人コーポレーション	2930	/company/2012/kitanotatsujin.html
チャーム・ケア・コーポレーション	6062	/company/2012/charmcc.html
ユニバーサル園芸社	6061	/company/2012/uni-green.html
こころネット	6060	/company/2012/cocolonet.html
ウチヤマホールディングス	6059	/company/2012/uchiyama-gr.html
エイチーム	3662	/company/2012/a-tm.html
ベクトル	6058	/company/2012/vectorinc.html
ライフネット生命	7157	/company/2012/lifenet-seimei.html
エムアップ	3661	/company/2012/m-up.html
大阪工機	3173	/company/2012/osk-k.html
アイスタイル	3660	/company/2012/istyle.html
ティーライフ	3172	/company/2012/tealifeir.html
マックスバリュ九州	3171	/company/2012/mv-kyushu.html
