企業名	コード	想定時価総額（億円）	社長株%	PER	IPO情報URL	IR	有価証券報告書	会社URL	事業内容	決算	決算伸び率%	売上成長率_平均	経常利益率_平均	会社設立	管理人からのコメント	上場日	市場	株主名と比率	企業業績のデータ（5年分）
アイセイ薬局	3170		30.41	9.7	https://www.ipokiso.com/company/2011/aisei.html	https://irbank.net/3170/ir		http://www.aisei.co.jp/	調剤薬局及びその他の事業の展開	"売上高（百万円）	15311	19190	26417	29564
経常利益（百万円）	238	415	1001	1129
当期純利益（百万円）	143	137	375	407
1株あたりの純利益（円）	59285	45180	108803	441
自己資本比率（％）	5.2	16.5	17.9	12.4
自己資本利益率（％）	None	12.7	18.8	18.8
経常利益率（％）	1.6	2.2	3.8	3.8"	"None	25%	38%	12%
None	74%	141%	13%
None	-4%	174%	9%
None	-24%	141%	-100%
None	217%	8%	-31%
None	None	48%	0%
None	None	None	None"	25.0	2.8		アイセイ薬局（3170）、事業自体に魅力は感じませんが、その展開スピードが凄まじく、上場後もかなりの成長が期待できます。ただ、IPOは人気勝負なところがありますので、本質的な評価がどこまで上乗せされるかは分かりません。当選を狙うなら、1人1票制で副幹事を務めるSMBC日興証券はもちろん、SBI証券、カブドットコム証券、楽天証券からも申し込みましょう。	12月22日（木）	JASDAQスタンダード	"[{""株主名"": ""岡村　幸彦（社長）"", ""比率"": 30.41, ""ロックアップ"": ""None"", ""isCEO"": true}, {""株主名"": ""（株）望未"", ""比率"": 18.27, ""ロックアップ"": ""None"", ""isCEO"": false}, {""株主名"": ""メディパルホールディングス"", ""比率"": 18.27, ""ロックアップ"": ""None"", ""isCEO"": false}, {""株主名"": ""中央エム・リース"", ""比率"": 9.14, ""ロックアップ"": ""None"", ""isCEO"": false}, {""株主名"": ""SMBCキャピタル８号"", ""比率"": 4.31, ""ロックアップ"": ""None"", ""isCEO"": false}, {""株主名"": ""クオール"", ""比率"": 3.05, ""ロックアップ"": ""None"", ""isCEO"": false}, {""株主名"": ""ＤＢＪキャピタル１号"", ""比率"": 3.05, ""ロックアップ"": ""None"", ""isCEO"": false}, {""株主名"": ""ＪＡ三井リース"", ""比率"": 2.54, ""ロックアップ"": ""None"", ""isCEO"": false}, {""株主名"": ""三井住友銀行成長企業投資信託口 受託者ソシエテジェネラル信託銀行"", ""比率"": 2.39, ""ロックアップ"": ""None"", ""isCEO"": false}, {""株主名"": ""日比谷通商"", ""比率"": 1.27, ""ロックアップ"": ""None"", ""isCEO"": false}, {""株主名"": ""日本メックス"", ""比率"": 1.27, ""ロックアップ"": ""None"", ""isCEO"": false}]"	"[{""売上高（百万円）"": {""2008年\n3月"": 15311.0, ""2009年\n3月"": 19190.0, ""2010年\n3月"": 26417.0, ""2011年\n3月"": 29564.0}}, {""経常利益（百万円）"": {""2008年\n3月"": 238.0, ""2009年\n3月"": 415.0, ""2010年\n3月"": 1001.0, ""2011年\n3月"": 1129.0}}, {""当期純利益（百万円）"": {""2008年\n3月"": 143.0, ""2009年\n3月"": 137.0, ""2010年\n3月"": 375.0, ""2011年\n3月"": 407.0}}, {""純資産額\n（百万円）"": {""2008年\n3月"": 7567.0, ""2009年\n3月"": 10799.0, ""2010年\n3月"": 2280.0, ""2011年\n3月"": 2057.0}}, {""1株あたりの純資産額（円）"": {""2008年\n3月"": 156504.0, ""2009年\n3月"": 275557.0, ""2010年\n3月"": 402568.0, ""2011年\n3月"": 2308.0}}, {""1株あたりの純利益（円）"": {""2008年\n3月"": 59285.0, ""2009年\n3月"": 45180.0, ""2010年\n3月"": 108803.0, ""2011年\n3月"": 441.74}}, {""自己資本比率（％）"": {""2008年\n3月"": 5.2, ""2009年\n3月"": 16.5, ""2010年\n3月"": 17.9, ""2011年\n3月"": 12.4}}, {""自己資本利益率（％）"": {""2008年\n3月"": null, ""2009年\n3月"": 12.7, ""2010年\n3月"": 18.8, ""2011年\n3月"": 18.8}}]"
ミサワ	3169		76.15	29.3	https://www.ipokiso.com/company/2011/unico.html	https://irbank.net/3169/ir		http://www.unico-fan.co.jp/	家具・ファブリック及びインテリア・雑貨の企画開発・販売等	"売上高（百万円）	2220	2666	2952	3786
経常利益（百万円）	23	105	46	191
当期純利益（百万円）	48	105	21	58
1株あたりの純利益（円）	1218	2630	547	1452
自己資本比率（％）	12.6	2.6	1.4	4.8
自己資本利益率（％）	None	None	187.8	110.5
経常利益率（％）	1.0	3.9	1.6	5.0"	"None	20%	11%	28%
None	357%	-56%	315%
None	119%	-80%	176%
None	116%	-79%	165%
None	-79%	-46%	243%
None	None	None	-41%
None	None	None	None"	19.7	2.9		ミサワ（3169）、家具屋という業種的に人気化はむずかしいでしょう。ただ、事業の展開スピードが早いため、将来性を期待した買いがいくらか入りそうです。大幅な上昇はむずかそうですが、ある程度の上げは期待できるでしょう。当選を狙うなら、副幹事のSMBC日興証券、SBI証券、松井証券から申し込みが可能となっています。	12月22日（木）	JASDAQスタンダード	"[{""株主名"": ""三沢 太（社長）"", ""比率"": 76.15, ""ロックアップ"": ""None"", ""isCEO"": true}, {""株主名"": ""飯塚　智香"", ""比率"": 7.96, ""ロックアップ"": ""None"", ""isCEO"": false}, {""株主名"": ""尾張　睦"", ""比率"": 6.36, ""ロックアップ"": ""None"", ""isCEO"": false}, {""株主名"": ""大塚　幸江"", ""比率"": 4.09, ""ロックアップ"": ""None"", ""isCEO"": false}, {""株主名"": ""従業員持ち株会"", ""比率"": 2.94, ""ロックアップ"": ""None"", ""isCEO"": false}, {""株主名"": ""鈴木　裕之"", ""比率"": 0.59, ""ロックアップ"": ""None"", ""isCEO"": false}, {""株主名"": ""川上　和人"", ""比率"": 0.23, ""ロックアップ"": ""None"", ""isCEO"": false}, {""株主名"": ""川原　多恵子"", ""比率"": 0.23, ""ロックアップ"": ""None"", ""isCEO"": false}, {""株主名"": ""藤城　智子"", ""比率"": 0.23, ""ロックアップ"": ""None"", ""isCEO"": false}, {""株主名"": ""二神　種明"", ""比率"": 0.09, ""ロックアップ"": ""None"", ""isCEO"": false}, {""株主名"": ""栗栖　博文"", ""比率"": 0.09, ""ロックアップ"": ""None"", ""isCEO"": false}, {""株主名"": ""田中　圭一郎"", ""比率"": 0.09, ""ロックアップ"": ""None"", ""isCEO"": false}]"	"[{""売上高（百万円）"": {""2008年\n1月"": 2220.0, ""2009年\n1月"": 2666.0, ""2010年\n1月"": 2952.0, ""2011年\n1月"": 3786.0}}, {""経常利益（百万円）"": {""2008年\n1月"": 23.0, ""2009年\n1月"": 105.0, ""2010年\n1月"": 46.0, ""2011年\n1月"": 191.0}}, {""当期純利益（百万円）"": {""2008年\n1月"": 48.0, ""2009年\n1月"": 105.0, ""2010年\n1月"": 21.0, ""2011年\n1月"": 58.0}}, {""純資産額\n（百万円）"": {""2008年\n1月"": 145.0, ""2009年\n1月"": 40.0, ""2010年\n1月"": 22.0, ""2011年\n1月"": 82.0}}, {""1株あたりの純資産額（円）"": {""2008年\n1月"": 3643.0, ""2009年\n1月"": 1013.0, ""2010年\n1月"": 554.0, ""2011年\n1月"": 2073.0}}, {""1株あたりの純利益（円）"": {""2008年\n1月"": 1218.0, ""2009年\n1月"": 2630.0, ""2010年\n1月"": 547.0, ""2011年\n1月"": 1452.0}}, {""自己資本比率（％）"": {""2008年\n1月"": 12.6, ""2009年\n1月"": 2.6, ""2010年\n1月"": 1.4, ""2011年\n1月"": 4.8}}, {""自己資本利益率（％）"": {""2008年\n1月"": null, ""2009年\n1月"": null, ""2010年\n1月"": 187.77, ""2011年\n1月"": 110.5}}]"
スターフライヤー	9206			5.5	https://www.ipokiso.com/company/2011/starflyer.html	https://irbank.net/9206/ir		http://www.starflyer.jp/	北九州空港を拠点とした航空運送事業	"売上高（百万円）	15847	17593	16965	18186
経常利益（百万円）	1517	47	294	1109
当期純利益（百万円）	1555	74	278	811
1株あたりの純利益（円）	12	0	2	6
自己資本比率（％）	28.5	17.9	36.9	34.3
自己資本利益率（％）	None	None	21.3	37.7
経常利益率（％）	9.6	0.3	1.7	6.1"	"None	11%	-4%	7%
None	-97%	526%	277%
None	-95%	276%	192%
None	-95%	275%	190%
None	-37%	106%	-7%
None	None	None	77%
None	None	None	None"	4.9	4.4		スターフライヤー（9206）、航空機材の統一によるコストカットなどで、大手航空会社との差別化を図り、顧客を獲得しています。今後も大手航空会社からシェアを奪っていく可能性が高く、将来性は十分にあります。加えて、割安感が際立っており、初値もそれなりに上がることが予想されます。当選を狙うなら、副幹事のSMBC日興証券、マネックス証券、カブドットコム証券から申し込みが可能となっています。	12月21日（水）	東証2部	"[{""株主名"": ""DCM IV, L.P."", ""比率"": 17.26, ""ロックアップ"": ""None"", ""isCEO"": false}, {""株主名"": ""ＴＯＴＯ"", ""比率"": 5.08, ""ロックアップ"": ""None"", ""isCEO"": false}, {""株主名"": ""安川電機"", ""比率"": 3.29, ""ロックアップ"": ""None"", ""isCEO"": false}, {""株主名"": ""北九州エアターミナル"", ""比率"": 2.9, ""ロックアップ"": ""None"", ""isCEO"": false}, {""株主名"": ""九州電力"", ""比率"": 2.54, ""ロックアップ"": ""None"", ""isCEO"": false}, {""株主名"": ""大和証券"", ""比率"": 2.18, ""ロックアップ"": ""None"", ""isCEO"": false}, {""株主名"": ""大和証券SMBCプリンシパル・インベストメンツ"", ""比率"": 2.18, ""ロックアップ"": ""None"", ""isCEO"": false}, {""株主名"": ""日産自動車"", ""比率"": 2.18, ""ロックアップ"": ""None"", ""isCEO"": false}, {""株主名"": ""福山通運"", ""比率"": 2.0, ""ロックアップ"": ""None"", ""isCEO"": false}, {""株主名"": ""ＮＩＦグローバルファンド"", ""比率"": 1.98, ""ロックアップ"": ""None"", ""isCEO"": false}]"	"[{""売上高（百万円）"": {""2008年\n3月"": 15847.0, ""2009年\n3月"": 17593.0, ""2010年\n3月"": 16965.0, ""2011年\n3月"": 18186.0}}, {""経常利益（百万円）"": {""2008年\n3月"": 1517.0, ""2009年\n3月"": 47.0, ""2010年\n3月"": 294.0, ""2011年\n3月"": 1109.0}}, {""当期純利益（百万円）"": {""2008年\n3月"": 1555.0, ""2009年\n3月"": 74.0, ""2010年\n3月"": 278.0, ""2011年\n3月"": 811.0}}, {""純資産額\n（百万円）"": {""2008年\n3月"": 1537.0, ""2009年\n3月"": 888.0, ""2010年\n3月"": 1731.0, ""2011年\n3月"": 2574.0}}, {""1株あたりの純資産額（円）"": {""2008年\n3月"": 11.62, ""2009年\n3月"": 6.41, ""2010年\n3月"": 13.19, ""2011年\n3月"": 19.96}}, {""1株あたりの純利益（円）"": {""2008年\n3月"": 12.74, ""2009年\n3月"": 0.59, ""2010年\n3月"": 2.21, ""2011年\n3月"": 6.42}}, {""自己資本比率（％）"": {""2008年\n3月"": 28.5, ""2009年\n3月"": 17.9, ""2010年\n3月"": 36.9, ""2011年\n3月"": 34.3}}, {""自己資本利益率（％）"": {""2008年\n3月"": null, ""2009年\n3月"": null, ""2010年\n3月"": 21.3, ""2011年\n3月"": 37.7}}]"
新田ゼラチン	4977			8.4	https://www.ipokiso.com/company/2011/nitta-gelatin.html	https://irbank.net/4977/ir		http://www.nitta-gelatin.co.jp/	コラーゲン、ペプチド、ゼラチン及びその関連製品の製造・販売	"売上高（百万円）	19995	20552	26392	27923
経常利益（百万円）	892	1309	1584	1383
当期純利益（百万円）	613	540	1047	1051
1株あたりの純利益（円）	97	83	153	160
自己資本比率（％）	29.4	34.3	27.2	28.5
自己資本利益率（％）	10.5	9.1	20.1	17.4
経常利益率（％）	4.5	6.4	6.0	5.0"	"None	3%	28%	6%
None	47%	21%	-13%
None	-12%	94%	0%
None	-14%	82%	5%
None	17%	-21%	5%
None	-13%	121%	-13%
None	None	None	None"	12.3	5.5		新田ゼラチン（4977）、オールド企業のマイナー取引所上場ということで、人気化は期待しづらいです。業績を見ても頭打ち気味で、IPOを機に新たな生産設備をつくるわけでもないので、将来的な成長も望めません。今回はスルーしても問題ないかと思います。当選を狙うなら、主幹事のSMBC日興証券はもちろん、SBI証券からも申し込みましょう。	12月20日（火）	東証2部	"[{""株主名"": ""アイビーピー"", ""比率"": 25.1, ""ロックアップ"": ""None"", ""isCEO"": false}, {""株主名"": ""ニッタ"", ""比率"": 6.6, ""ロックアップ"": ""None"", ""isCEO"": false}, {""株主名"": ""三菱東京ＵＦＪ銀行"", ""比率"": 4.88, ""ロックアップ"": ""None"", ""isCEO"": false}, {""株主名"": ""三井住友銀行"", ""比率"": 4.71, ""ロックアップ"": ""None"", ""isCEO"": false}, {""株主名"": ""（有）以和貴"", ""比率"": 3.46, ""ロックアップ"": ""None"", ""isCEO"": false}, {""株主名"": ""従業員持ち株会"", ""比率"": 3.22, ""ロックアップ"": ""None"", ""isCEO"": false}, {""株主名"": ""新田 精一"", ""比率"": 3.13, ""ロックアップ"": ""None"", ""isCEO"": false}, {""株主名"": ""石塚産業"", ""比率"": 3.0, ""ロックアップ"": ""None"", ""isCEO"": false}, {""株主名"": ""りそな銀行"", ""比率"": 2.63, ""ロックアップ"": ""None"", ""isCEO"": false}, {""株主名"": ""新田 浩士"", ""比率"": 1.88, ""ロックアップ"": ""None"", ""isCEO"": false}]"	"[{""売上高（百万円）"": {""2008年\n3月"": 19995.0, ""2009年\n3月"": 20552.0, ""2010年\n3月"": 26392.0, ""2011年\n3月"": 27923.0}}, {""経常利益（百万円）"": {""2008年\n3月"": 892.0, ""2009年\n3月"": 1309.0, ""2010年\n3月"": 1584.0, ""2011年\n3月"": 1383.0}}, {""当期純利益（百万円）"": {""2008年\n3月"": 613.0, ""2009年\n3月"": 540.0, ""2010年\n3月"": 1047.0, ""2011年\n3月"": 1051.0}}, {""純資産額\n（百万円）"": {""2008年\n3月"": 5303.0, ""2009年\n3月"": 6517.0, ""2010年\n3月"": 5990.0, ""2011年\n3月"": 6185.0}}, {""1株あたりの純資産額（円）"": {""2008年\n3月"": 847.56, ""2009年\n3月"": 879.25, ""2010年\n3月"": 781.0, ""2011年\n3月"": 899.02}}, {""1株あたりの純利益（円）"": {""2008年\n3月"": 97.96, ""2009年\n3月"": 83.88, ""2010年\n3月"": 153.0, ""2011年\n3月"": 160.39}}, {""自己資本比率（％）"": {""2008年\n3月"": 29.4, ""2009年\n3月"": 34.3, ""2010年\n3月"": 27.2, ""2011年\n3月"": 28.5}}, {""自己資本利益率（％）"": {""2008年\n3月"": 10.5, ""2009年\n3月"": 9.1, ""2010年\n3月"": 20.1, ""2011年\n3月"": 17.4}}]"
カイオム・バイオサイエンス	4583		10.17		https://www.ipokiso.com/company/2011/chiome.html	https://irbank.net/4583/ir		http://www.chiome.co.jp/	抗体医薬品の研究開発支援等	"売上高（百万円）	34	161	380	463
経常利益（百万円）	225	201	202	237
当期純利益（百万円）	227	204	164	180
1株あたりの純利益（円）	23994	15643	12565	12676
自己資本比率（％）	84.6	62.4	37.3	67.7
自己資本利益率（％）	None	None	None	None
経常利益率（％）	661.8	124.8	53.2	51.2"	"None	374%	136%	22%
None	-11%	0%	17%
None	-10%	-20%	10%
None	-35%	-20%	1%
None	-26%	-40%	82%
None	None	None	None
None	None	None	None"	177.1	222.8		カイオム・バイオサイエンス（4583）、赤字が一般的なバイオベンチャーのIPOは、100％人気勝負になるわけですが、残念ながら人気化する材料は見当たりません。IPO自体も、将来に向けた投資目的というより、目先の資金集めの印象が強く、あまりおすすめできません。当選を狙うなら、SBI証券、むさし証券、カブドットコム証券から申し込みが可能となっています。	12月20日（火）	東証マザーズ	"[{""株主名"": ""ファストトラックイニシアティブ１号"", ""比率"": 18.89, ""ロックアップ"": ""None"", ""isCEO"": false}, {""株主名"": ""藤原 正明（社長）"", ""比率"": 10.17, ""ロックアップ"": ""None"", ""isCEO"": true}, {""株主名"": ""オリンパスビジネスクリエイツ"", ""比率"": 8.59, ""ロックアップ"": ""None"", ""isCEO"": false}, {""株主名"": ""太田 邦史"", ""比率"": 5.65, ""ロックアップ"": ""None"", ""isCEO"": false}, {""株主名"": ""清田 圭一"", ""比率"": 4.97, ""ロックアップ"": ""None"", ""isCEO"": false}, {""株主名"": ""瀬尾 秀宗"", ""比率"": 4.97, ""ロックアップ"": ""None"", ""isCEO"": false}, {""株主名"": ""三井住友海上Ｃ2005Ｖ"", ""比率"": 3.62, ""ロックアップ"": ""None"", ""isCEO"": false}, {""株主名"": ""ＮＦＰ－ＡＦ１号"", ""比率"": 3.16, ""ロックアップ"": ""None"", ""isCEO"": false}, {""株主名"": ""アイ・シグマ東京ベンチャー１号"", ""比率"": 3.16, ""ロックアップ"": ""None"", ""isCEO"": false}, {""株主名"": ""安田企業投資４号"", ""比率"": 3.01, ""ロックアップ"": ""None"", ""isCEO"": false}, {""株主名"": ""みずほキャピタル第３号"", ""比率"": 2.86, ""ロックアップ"": ""None"", ""isCEO"": false}]"	"[{""売上高（百万円）"": {""2008年\n3月"": 34.0, ""2009年\n3月"": 161.0, ""2010年\n3月"": 380.0, ""2011年\n3月"": 463.0}}, {""経常利益（百万円）"": {""2008年\n3月"": 225.0, ""2009年\n3月"": 201.0, ""2010年\n3月"": 202.0, ""2011年\n3月"": 237.0}}, {""当期純利益（百万円）"": {""2008年\n3月"": 227.0, ""2009年\n3月"": 204.0, ""2010年\n3月"": 164.0, ""2011年\n3月"": 180.0}}, {""純資産額\n（百万円）"": {""2008年\n3月"": 617.0, ""2009年\n3月"": 412.0, ""2010年\n3月"": 323.0, ""2011年\n3月"": 592.0}}, {""1株あたりの純資産額（円）"": {""2008年\n3月"": 30334.0, ""2009年\n3月"": 45977.0, ""2010年\n3月"": 56390.0, ""2011年\n3月"": 57058.0}}, {""1株あたりの純利益（円）"": {""2008年\n3月"": 23994.0, ""2009年\n3月"": 15643.0, ""2010年\n3月"": 12565.0, ""2011年\n3月"": 12676.0}}, {""自己資本比率（％）"": {""2008年\n3月"": 84.6, ""2009年\n3月"": 62.4, ""2010年\n3月"": 37.3, ""2011年\n3月"": 67.7}}, {""自己資本利益率（％）"": {""2008年\n3月"": null, ""2009年\n3月"": null, ""2010年\n3月"": null, ""2011年\n3月"": null}}]"
ジャパンマテリアル	6055		23.68	11.0	https://www.ipokiso.com/company/2011/j-material.html	https://irbank.net/6055/ir		http://www.j-material.jp/	エレクトロニクス関連事業およびグラフィックスソリューション事業	"売上高（百万円）	6557	5679	6651	8067
経常利益（百万円）	2226	869	417	1187
当期純利益（百万円）	1653	725	385	700
1株あたりの純利益（円）	2158	935	485	882
自己資本比率（％）	54.6	80.2	74.4	71.8
自己資本利益率（％）	57.4	17.9	7.6	12.8
経常利益率（％）	33.9	15.3	6.3	14.7"	"None	-13%	17%	21%
None	-61%	-52%	185%
None	-56%	-47%	82%
None	-57%	-48%	82%
None	47%	-7%	-3%
None	-69%	-58%	68%
None	None	None	None"	8.3	17.6		ジャパンマテリアル（6055）、電子機器の製造過程の一端をになっている企業だけに、業績は景気の影響を大きく受けています。ただ、売り上げは景気に関係なく伸びており、採算性をキープできるのであれば、利益もその分増えていきそうです。ネット証券では、SMBC日興証券、カブドットコム証券から申し込みが可能となっています。	12月19日（月）	東証2部	"[{""株主名"": ""田中　久男（社長）"", ""比率"": 23.68, ""ロックアップ"": ""None"", ""isCEO"": true}, {""株主名"": ""田中　智和"", ""比率"": 18.52, ""ロックアップ"": ""None"", ""isCEO"": false}, {""株主名"": ""従業員持ち株会"", ""比率"": 7.86, ""ロックアップ"": ""None"", ""isCEO"": false}, {""株主名"": ""為国　正人"", ""比率"": 7.58, ""ロックアップ"": ""None"", ""isCEO"": false}, {""株主名"": ""喜多　照幸"", ""比率"": 6.59, ""ロックアップ"": ""None"", ""isCEO"": false}, {""株主名"": ""伊藤　徳一"", ""比率"": 6.3, ""ロックアップ"": ""None"", ""isCEO"": false}, {""株主名"": ""指野　俊浩"", ""比率"": 3.02, ""ロックアップ"": ""None"", ""isCEO"": false}, {""株主名"": ""佐々木　弘明"", ""比率"": 2.91, ""ロックアップ"": ""None"", ""isCEO"": false}, {""株主名"": ""東芝"", ""比率"": 2.52, ""ロックアップ"": ""None"", ""isCEO"": false}, {""株主名"": ""百五銀行"", ""比率"": 2.52, ""ロックアップ"": ""None"", ""isCEO"": false}, {""株主名"": ""滝口　勝彦"", ""比率"": 2.52, ""ロックアップ"": ""None"", ""isCEO"": false}, {""株主名"": ""石井　国義"", ""比率"": 2.52, ""ロックアップ"": ""None"", ""isCEO"": false}]"	"[{""売上高（百万円）"": {""2008年\n3月"": 6557.0, ""2009年\n3月"": 5679.0, ""2010年\n3月"": 6651.0, ""2011年\n3月"": 8067.0}}, {""経常利益（百万円）"": {""2008年\n3月"": 2226.0, ""2009年\n3月"": 869.0, ""2010年\n3月"": 417.0, ""2011年\n3月"": 1187.0}}, {""当期純利益（百万円）"": {""2008年\n3月"": 1653.0, ""2009年\n3月"": 725.0, ""2010年\n3月"": 385.0, ""2011年\n3月"": 700.0}}, {""純資産額\n（百万円）"": {""2008年\n3月"": 3744.0, ""2009年\n3月"": 4350.0, ""2010年\n3月"": 5197.0, ""2011年\n3月"": 5782.0}}, {""1株あたりの純資産額（円）"": {""2008年\n3月"": 4837.0, ""2009年\n3月"": 5479.0, ""2010年\n3月"": 6546.0, ""2011年\n3月"": 7283.0}}, {""1株あたりの純利益（円）"": {""2008年\n3月"": 2158.0, ""2009年\n3月"": 935.92, ""2010年\n3月"": 485.64, ""2011年\n3月"": 882.09}}, {""自己資本比率（％）"": {""2008年\n3月"": 54.6, ""2009年\n3月"": 80.2, ""2010年\n3月"": 74.4, ""2011年\n3月"": 71.8}}, {""自己資本利益率（％）"": {""2008年\n3月"": 57.4, ""2009年\n3月"": 17.9, ""2010年\n3月"": 7.6, ""2011年\n3月"": 12.8}}]"
ダブル・スコープ	6619		18.86	161	https://www.ipokiso.com/company/2011/w-scope.html	https://irbank.net/6619/ir		http://w-scope.co.jp/	リチウムイオン二次電池用セパレータの製造・販売	"売上高（百万円）	87	123	1244	1686
経常利益（百万円）	56	83	61	124
当期純利益（百万円）	57	84	3	255
1株あたりの純利益（円）	3124	4302	175	10534
自己資本比率（％）	99.8	98.5	72.9	61.5
自己資本利益率（％）	2.7	3.5	0.4	13.3
経常利益率（％）	64.4	67.5	4.9	7.4"	"None	41%	911%	36%
None	48%	-27%	103%
None	47%	-96%	8400%
None	38%	-96%	5919%
None	-1%	-26%	-16%
None	30%	-89%	3225%
None	None	None	None"	329.4	36.1		ダブル・スコープ（6619）、事業の将来性はかなり評価できますが、いかんせん想定価格が高いです。相場が活況であれば、それでも将来の期待から買いが入るのですが、今はそういう買いがなかなか期待しづらいこともあり、初値の大幅上昇はきびしいと予想。当選を狙うなら、1人1票制で主幹事のSMBC日興証券、SBI証券、マネックス証券から申し込みが可能となっています。	12月16日（金）	東証マザーズ	"[{""株主名"": ""崔　元根(Choi WonKun)（社長）"", ""比率"": 18.86, ""ロックアップ"": ""None"", ""isCEO"": true}, {""株主名"": ""TNPオンザロード１号"", ""比率"": 14.97, ""ロックアップ"": ""None"", ""isCEO"": false}, {""株主名"": ""TNP　SC ASIA 第1号"", ""比率"": 5.32, ""ロックアップ"": ""None"", ""isCEO"": false}, {""株主名"": ""金　廷龍(Kim JungYong)"", ""比率"": 4.48, ""ロックアップ"": ""None"", ""isCEO"": false}, {""株主名"": ""伊藤忠商事"", ""比率"": 4.47, ""ロックアップ"": ""None"", ""isCEO"": false}, {""株主名"": ""The Fourth Partner’s Investment Fund"", ""比率"": 3.44, ""ロックアップ"": ""None"", ""isCEO"": false}, {""株主名"": ""朴　宗燦(Park JongChan)"", ""比率"": 2.94, ""ロックアップ"": ""None"", ""isCEO"": false}, {""株主名"": ""SVIC No. 15 NEW TECHNOLOGY BUSINESS INVESTMENT"", ""比率"": 2.75, ""ロックアップ"": ""None"", ""isCEO"": false}, {""株主名"": ""ニッセイ・キャピタル４号"", ""比率"": 2.16, ""ロックアップ"": ""None"", ""isCEO"": false}, {""株主名"": ""ジャフコ・スーパーＶ３共有"", ""比率"": 2.11, ""ロックアップ"": ""None"", ""isCEO"": false}]"	"[{""売上高（百万円）"": {""2007年\n12月"": 87.0, ""2008年\n12月"": 123.0, ""2009年\n12月"": 1244.0, ""2010年\n12月"": 1686.0}}, {""経常利益（百万円）"": {""2007年\n12月"": 56.0, ""2008年\n12月"": 83.0, ""2009年\n12月"": 61.0, ""2010年\n12月"": 124.0}}, {""当期純利益（百万円）"": {""2007年\n12月"": 57.0, ""2008年\n12月"": 84.0, ""2009年\n12月"": 3.0, ""2010年\n12月"": 255.0}}, {""純資産額\n（百万円）"": {""2007年\n12月"": 2416.0, ""2008年\n12月"": 2424.0, ""2009年\n12月"": 1160.0, ""2010年\n12月"": 2689.0}}, {""1株あたりの純資産額（円）"": {""2007年\n12月"": 123060.0, ""2008年\n12月"": 121769.0, ""2009年\n12月"": 1591.0, ""2010年\n12月"": 4373.0}}, {""1株あたりの純利益（円）"": {""2007年\n12月"": 3124.0, ""2008年\n12月"": 4302.0, ""2009年\n12月"": 175.01, ""2010年\n12月"": 10534.0}}, {""自己資本比率（％）"": {""2007年\n12月"": 99.8, ""2008年\n12月"": 98.5, ""2009年\n12月"": 72.9, ""2010年\n12月"": 61.5}}, {""自己資本利益率（％）"": {""2007年\n12月"": 2.7, ""2008年\n12月"": 3.5, ""2009年\n12月"": 0.4, ""2010年\n12月"": 13.3}}]"
ネクソン	3659			26.74	https://www.ipokiso.com/company/2011/nexon.html	https://irbank.net/3659/ir		http://company.nexon.co.jp/	オンラインゲームの制作・開発、配信	"売上高（百万円）	6540	40219	51572	69781
経常利益（百万円）	1353	12019	22351	28479
当期純利益（百万円）	711	8290	17659	21638
1株あたりの純利益（円）	201	2349	5004	6131
自己資本比率（％）	85.3	35.4	48.3	50.5
自己資本利益率（％）	7.8	30.0	48.7	40.0
経常利益率（％）	20.7	29.9	43.3	40.8"	"None	515%	28%	35%
None	788%	86%	27%
None	1066%	113%	23%
None	1065%	113%	23%
None	-58%	36%	5%
None	285%	62%	-18%
None	None	None	None"	192.8	33.7		ネクソン（3659）、現在の業績に対する公募価格の水準は安くありませんが、将来性を加味すればやや高く感じるくらいの水準と言えるでしょう。今の相場の雰囲気では、どこまで初値が上がるかは分かりませんが、まったく上がらないことはないように思います。当選を狙うなら、1人1票制を採用している副幹事のSMBC日興証券はもちろん、カブドットコム証券からも申し込むのがよいでしょう。	12月14日（水）	東証1部	"[{""株主名"": ""エヌエックスシーコーポレーション"", ""比率"": 66.89, ""ロックアップ"": ""None"", ""isCEO"": false}, {""株主名"": ""エヌエックスエムエイチ・ビー・ブイ・ビー・エー"", ""比率"": 4.51, ""ロックアップ"": ""None"", ""isCEO"": false}, {""株主名"": ""ソ　ミン（徐　旻）"", ""比率"": 3.14, ""ロックアップ"": ""None"", ""isCEO"": false}, {""株主名"": ""キム　サンボン"", ""比率"": 2.38, ""ロックアップ"": ""None"", ""isCEO"": false}, {""株主名"": ""エヌエックスエムエイチ・ビー・ブイ"", ""比率"": 2.21, ""ロックアップ"": ""None"", ""isCEO"": false}, {""株主名"": ""イ　スンチャン"", ""比率"": 1.68, ""ロックアップ"": ""None"", ""isCEO"": false}, {""株主名"": ""チェ　スンウ（崔　承祐）（社長）"", ""比率"": 1.14, ""ロックアップ"": ""None"", ""isCEO"": true}, {""株主名"": ""子供図書館文化財団"", ""比率"": 1.06, ""ロックアップ"": ""None"", ""isCEO"": false}, {""株主名"": ""キム　ジンマン"", ""比率"": 1.04, ""ロックアップ"": ""None"", ""isCEO"": false}, {""株主名"": ""ジュ　ミンヨン"", ""比率"": 0.96, ""ロックアップ"": ""None"", ""isCEO"": false}]"	"[{""売上高（百万円）"": {""2007年\n12月"": 6540.0, ""2008年\n12月"": 40219.0, ""2009年\n12月"": 51572.0, ""2010年\n12月"": 69781.0}}, {""経常利益（百万円）"": {""2007年\n12月"": 1353.0, ""2008年\n12月"": 12019.0, ""2009年\n12月"": 22351.0, ""2010年\n12月"": 28479.0}}, {""当期純利益（百万円）"": {""2007年\n12月"": 711.0, ""2008年\n12月"": 8290.0, ""2009年\n12月"": 17659.0, ""2010年\n12月"": 21638.0}}, {""純資産額\n（百万円）"": {""2007年\n12月"": 9348.0, ""2008年\n12月"": 75996.0, ""2009年\n12月"": 94530.0, ""2010年\n12月"": 123717.0}}, {""1株あたりの純資産額（円）"": {""2007年\n12月"": 2639.0, ""2008年\n12月"": 7618.0, ""2009年\n12月"": 12937.0, ""2010年\n12月"": 17714.0}}, {""1株あたりの純利益（円）"": {""2007年\n12月"": 201.7, ""2008年\n12月"": 2349.0, ""2009年\n12月"": 5004.0, ""2010年\n12月"": 6131.0}}, {""自己資本比率（％）"": {""2007年\n12月"": 85.3, ""2008年\n12月"": 35.4, ""2009年\n12月"": 48.3, ""2010年\n12月"": 50.5}}, {""自己資本利益率（％）"": {""2007年\n12月"": 7.8, ""2008年\n12月"": 30.0, ""2009年\n12月"": 48.7, ""2010年\n12月"": 40.0}}]"
サンセイライディック	3277		24.58	13.8	https://www.ipokiso.com/company/2011/sansei-l.html	https://irbank.net/3277/ir		http://www.sansei-l.co.jp/	底地等の権利調整を伴う不動産を中心とした不動産販売事業，戸建て注文住宅等の建築事業等	"売上高（百万円）	8133	8176	5990	7414
経常利益（百万円）	577	468	263	539
当期純利益（百万円）	317	254	143	301
1株あたりの純利益（円）	2649	2120	1193	2508
自己資本比率（％）	25.8	44.4	50.7	35.3
自己資本利益率（％）	20.7	14.0	7.0	13.4
経常利益率（％）	7.1	5.7	4.4	7.3"	"None	1%	-27%	24%
None	-19%	-44%	105%
None	-20%	-44%	110%
None	-20%	-44%	110%
None	72%	14%	-30%
None	-32%	-50%	91%
None	None	None	None"	-0.8	6.1		サンセイランディック（3277）、景気の影響をもろに受けやすい不動産業界だけに、投資家の評価もかなり厳しくなりそうです。現在の業績に対する公募価格も、同業他社と比べて高い水準にありますので、公募割れの可能性も高いのではないでしょうか。当選を狙うなら、SBI証券、SMBC日興証券から申し込みが可能となっています。	12月13日（火）	ＪＡＳＤＡＱスタンダード	"[{""株主名"": ""松崎 隆司（社長）"", ""比率"": 24.58, ""ロックアップ"": ""None"", ""isCEO"": true}, {""株主名"": ""松浦 正二"", ""比率"": 8.9, ""ロックアップ"": ""None"", ""isCEO"": false}, {""株主名"": ""小沢 順子"", ""比率"": 8.89, ""ロックアップ"": ""None"", ""isCEO"": false}, {""株主名"": ""天野 智子"", ""比率"": 8.89, ""ロックアップ"": ""None"", ""isCEO"": false}, {""株主名"": ""伊佐治 順子"", ""比率"": 8.89, ""ロックアップ"": ""None"", ""isCEO"": false}, {""株主名"": ""中川 好正"", ""比率"": 7.67, ""ロックアップ"": ""None"", ""isCEO"": false}, {""株主名"": ""従業員持ち株会"", ""比率"": 4.52, ""ロックアップ"": ""None"", ""isCEO"": false}, {""株主名"": ""ジャフコ・スーパーV3共有"", ""比率"": 2.51, ""ロックアップ"": ""None"", ""isCEO"": false}, {""株主名"": ""ネオステラ1号"", ""比率"": 2.51, ""ロックアップ"": ""None"", ""isCEO"": false}, {""株主名"": ""小沢 由佳"", ""比率"": 2.38, ""ロックアップ"": ""None"", ""isCEO"": false}, {""株主名"": ""小沢 勇介"", ""比率"": 2.38, ""ロックアップ"": ""None"", ""isCEO"": false}, {""株主名"": ""小沢 亮介"", ""比率"": 2.38, ""ロックアップ"": ""None"", ""isCEO"": false}, {""株主名"": ""小沢 謙伍"", ""比率"": 2.38, ""ロックアップ"": ""None"", ""isCEO"": false}]"	"[{""売上高（百万円）"": {""2007年\n12月"": 8133.0, ""2008年\n12月"": 8176.0, ""2009年\n12月"": 5990.0, ""2010年\n12月"": 7414.0}}, {""経常利益（百万円）"": {""2007年\n12月"": 577.0, ""2008年\n12月"": 468.0, ""2009年\n12月"": 263.0, ""2010年\n12月"": 539.0}}, {""当期純利益（百万円）"": {""2007年\n12月"": 317.0, ""2008年\n12月"": 254.0, ""2009年\n12月"": 143.0, ""2010年\n12月"": 301.0}}, {""純資産額\n（百万円）"": {""2007年\n12月"": 1691.0, ""2008年\n12月"": 1940.0, ""2009年\n12月"": 2102.0, ""2010年\n12月"": 2398.0}}, {""1株あたりの純資産額（円）"": {""2007年\n12月"": 14093.0, ""2008年\n12月"": 16172.0, ""2009年\n12月"": 17517.0, ""2010年\n12月"": 19984.0}}, {""1株あたりの純利益（円）"": {""2007年\n12月"": 2649.0, ""2008年\n12月"": 2120.0, ""2009年\n12月"": 1193.0, ""2010年\n12月"": 2508.0}}, {""自己資本比率（％）"": {""2007年\n12月"": 25.8, ""2008年\n12月"": 44.4, ""2009年\n12月"": 50.7, ""2010年\n12月"": 35.3}}, {""自己資本利益率（％）"": {""2007年\n12月"": 20.7, ""2008年\n12月"": 14.0, ""2009年\n12月"": 7.0, ""2010年\n12月"": 13.4}}]"
リブセンス	6054		73.83	27.8	https://www.ipokiso.com/company/2011/livesense.html	https://irbank.net/6054/ir		http://www.livesense.co.jp/	インターネットを利用した各種情報メディアの運営	"売上高（百万円）	72	321	573	637
経常利益（百万円）	31	152	214	217
当期純利益（百万円）	17	90	123	123
1株あたりの純利益（円）	299254	813432	8242	8204
自己資本比率（％）	57.7	61.0	68.0	84.6
自己資本利益率（％）	151.9	125.6	66.8	39.9
経常利益率（％）	43.1	47.4	37.3	34.1"	"None	346%	79%	11%
None	390%	41%	1%
None	429%	37%	0%
None	172%	-99%	-0%
None	6%	11%	24%
None	-17%	-47%	-40%
None	None	None	None"	145.2	40.5		リブセンス（6054）、当選本数が少なく、スグに売り出す大株主もいなさそうで、需給的にもかなりの好案件です。企業としてもIPO案件としても魅力的であり、人気化は必至でしょう。年に数回のお宝IPOですので、積極的に当選をねらっていきましょう。ネット証券では、SBI証券、マネックス証券から申し込みが可能となっています。	12月7日（水）	東証マザーズ	"[{""株主名"": ""村上 太一（社長）"", ""比率"": 73.83, ""ロックアップ"": ""None"", ""isCEO"": true}, {""株主名"": ""桂 大介"", ""比率"": 14.64, ""ロックアップ"": ""None"", ""isCEO"": false}, {""株主名"": ""吉田 健太郎"", ""比率"": 5.85, ""ロックアップ"": ""None"", ""isCEO"": false}, {""株主名"": ""舛岡秀樹事務所"", ""比率"": 1.04, ""ロックアップ"": ""None"", ""isCEO"": false}, {""株主名"": ""中島 正三"", ""比率"": 1.04, ""ロックアップ"": ""None"", ""isCEO"": false}, {""株主名"": ""岩崎 優一"", ""比率"": 0.7, ""ロックアップ"": ""None"", ""isCEO"": false}, {""株主名"": ""柴崎 友哉"", ""比率"": 0.59, ""ロックアップ"": ""None"", ""isCEO"": false}, {""株主名"": ""遠藤 彰二"", ""比率"": 0.39, ""ロックアップ"": ""None"", ""isCEO"": false}, {""株主名"": ""阿久津 操"", ""比率"": 0.39, ""ロックアップ"": ""None"", ""isCEO"": false}, {""株主名"": ""尾崎 充"", ""比率"": 0.39, ""ロックアップ"": ""None"", ""isCEO"": false}]"	"[{""売上高（百万円）"": {""2007年\n12月"": 72.0, ""2008年\n12月"": 321.0, ""2009年\n12月"": 573.0, ""2010年\n12月"": 637.0}}, {""経常利益（百万円）"": {""2007年\n12月"": 31.0, ""2008年\n12月"": 152.0, ""2009年\n12月"": 214.0, ""2010年\n12月"": 217.0}}, {""当期純利益（百万円）"": {""2007年\n12月"": 17.0, ""2008年\n12月"": 90.0, ""2009年\n12月"": 123.0, ""2010年\n12月"": 123.0}}, {""純資産額\n（百万円）"": {""2007年\n12月"": 20.0, ""2008年\n12月"": 123.0, ""2009年\n12月"": 246.0, ""2010年\n12月"": 369.0}}, {""1株あたりの純資産額（円）"": {""2007年\n12月"": 346619.0, ""2008年\n12月"": 410693.0, ""2009年\n12月"": 16455.0, ""2010年\n12月"": 24660.0}}, {""1株あたりの純利益（円）"": {""2007年\n12月"": 299254.0, ""2008年\n12月"": 813432.0, ""2009年\n12月"": 8242.0, ""2010年\n12月"": 8204.0}}, {""自己資本比率（％）"": {""2007年\n12月"": 57.7, ""2008年\n12月"": 61.0, ""2009年\n12月"": 68.0, ""2010年\n12月"": 84.6}}, {""自己資本利益率（％）"": {""2007年\n12月"": 151.9, ""2008年\n12月"": 125.6, ""2009年\n12月"": 66.8, ""2010年\n12月"": 39.9}}]"
ベルグアース	1383		51.63	14.0	https://www.ipokiso.com/company/2011/bergearth.html	https://irbank.net/1383/ir		http://www.bergearth.co.jp/	野菜の接ぎ木苗の生産販売，農業資材等の仕入販売等	"売上高（百万円）	2201	2425	2686	2982
経常利益（百万円）	27	18	117	180
当期純利益（百万円）	10	27	79	82
1株あたりの純利益（円）	2104	5509	16283	16859
自己資本比率（％）	24.5	19.1	20.2	23.4
自己資本利益率（％）	3.0	None	21.8	18.5
経常利益率（％）	1.2	0.7	4.4	6.0"	"None	10%	11%	11%
None	-33%	550%	54%
None	170%	193%	4%
None	162%	196%	4%
None	-22%	6%	16%
None	None	None	-15%
None	None	None	None"	10.7	3.1		ベルグアース（1383）、農業関連銘柄とは思えないほど急激な成長を見せています。現在の業績に対する想定価格の水準は決して低くないですが、この成長性を考慮すれば妥当なところです。ベンチャーキャピタルの株式保有比率が高いのは気になりますが、ロックアップがしっかりかかっているので、初値形成に大きくマイナスとなることはないでしょう。当選を狙うなら、副幹事のSMBC日興証券、SBI証券から申し込みましょう。	11月29日（火）	JASDAQスタンダード	"[{""株主名"": ""山口 一彦（社長）"", ""比率"": 51.63, ""ロックアップ"": ""None"", ""isCEO"": true}, {""株主名"": ""ジャフコＶ1-Ｂ号"", ""比率"": 5.95, ""ロックアップ"": ""None"", ""isCEO"": false}, {""株主名"": ""ニッセイ・キャピタル３号"", ""比率"": 3.94, ""ロックアップ"": ""None"", ""isCEO"": false}, {""株主名"": ""ジャフコＶ1-スター"", ""比率"": 3.59, ""ロックアップ"": ""None"", ""isCEO"": false}, {""株主名"": ""ＤＢＪキャピタル１号"", ""比率"": 3.51, ""ロックアップ"": ""None"", ""isCEO"": false}, {""株主名"": ""従業員持ち株会"", ""比率"": 3.06, ""ロックアップ"": ""None"", ""isCEO"": false}, {""株主名"": ""アグリ・エコサポート"", ""比率"": 3.06, ""ロックアップ"": ""None"", ""isCEO"": false}, {""株主名"": ""いよベンチャーファンド１号"", ""比率"": 2.92, ""ロックアップ"": ""None"", ""isCEO"": false}, {""株主名"": ""ジャフコＶ１-Ａ号"", ""比率"": 2.35, ""ロックアップ"": ""None"", ""isCEO"": false}, {""株主名"": ""山口 真由子"", ""比率"": 2.24, ""ロックアップ"": ""None"", ""isCEO"": false}]"	"[{""売上高（百万円）"": {""2007年\n10月"": 2201.0, ""2008年\n10月"": 2425.0, ""2009年\n10月"": 2686.0, ""2010年\n10月"": 2982.0}}, {""経常利益（百万円）"": {""2007年\n10月"": 27.0, ""2008年\n10月"": 18.0, ""2009年\n10月"": 117.0, ""2010年\n10月"": 180.0}}, {""当期純利益（百万円）"": {""2007年\n10月"": 10.0, ""2008年\n10月"": 27.0, ""2009年\n10月"": 79.0, ""2010年\n10月"": 82.0}}, {""純資産額\n（百万円）"": {""2007年\n10月"": 352.0, ""2008年\n10月"": 325.0, ""2009年\n10月"": 405.0, ""2010年\n10月"": 488.0}}, {""1株あたりの純資産額（円）"": {""2007年\n10月"": 71958.0, ""2008年\n10月"": 66448.0, ""2009年\n10月"": 82731.0, ""2010年\n10月"": 99591.0}}, {""1株あたりの純利益（円）"": {""2007年\n10月"": 2104.0, ""2008年\n10月"": 5509.0, ""2009年\n10月"": 16283.0, ""2010年\n10月"": 16859.0}}, {""自己資本比率（％）"": {""2007年\n10月"": 24.5, ""2008年\n10月"": 19.1, ""2009年\n10月"": 20.2, ""2010年\n10月"": 23.4}}, {""自己資本利益率（％）"": {""2007年\n10月"": 3.0, ""2008年\n10月"": null, ""2009年\n10月"": 21.8, ""2010年\n10月"": 18.5}}]"
菊池製作所	3444		47.39	11.9	https://www.ipokiso.com/company/2011/kikuchiseisakusho.html	https://irbank.net/3444/ir		http://www.kikuchiseisakusho.co.jp/	精密板金技術、各種成形技術、アルミホットダイカスト技術、プレス技術、機械加工技術等を用いた試作品、金型並びに量産品の製造	"売上高（百万円）	7339	6285	5358	6579
経常利益（百万円）	1287	573	320	681
当期純利益（百万円）	703	407	264	326
1株あたりの純利益（円）	214	124	79	98
自己資本比率（％）	53.2	65.1	67.6	63.7
自己資本利益率（％）	20.9	10.7	6.2	7.2
経常利益率（％）	17.5	9.1	6.0	10.4"	"None	-14%	-15%	23%
None	-55%	-44%	113%
None	-42%	-35%	23%
None	-42%	-36%	24%
None	22%	4%	-6%
None	-49%	-42%	16%
None	None	None	None"	-2.1	10.8		菊池製作所（3444）、相場の雰囲気が良くないだけに、人気化要素が足りないのは気になるところ。想定価格の水準も決して低いというわけではないので、初値の大幅上昇は期待しづらいでしょう。無理に当選を狙う必要はないと思いますが、当選を狙うなら、SMBC日興証券から申し込みが可能となっています。	10月28日（金）	JASDAQスタンダード	"[{""株主名"": ""菊池 功（社長）"", ""比率"": 47.39, ""ロックアップ"": ""None"", ""isCEO"": true}, {""株主名"": ""菊池 美代"", ""比率"": 14.89, ""ロックアップ"": ""None"", ""isCEO"": false}, {""株主名"": ""菊池 昭夫"", ""比率"": 11.73, ""ロックアップ"": ""None"", ""isCEO"": false}, {""株主名"": ""斎藤 恵美子"", ""比率"": 11.73, ""ロックアップ"": ""None"", ""isCEO"": false}, {""株主名"": ""従業員持ち株会"", ""比率"": 6.14, ""ロックアップ"": ""None"", ""isCEO"": false}, {""株主名"": ""斎藤 弘己"", ""比率"": 4.51, ""ロックアップ"": ""None"", ""isCEO"": false}, {""株主名"": ""加藤 正博"", ""比率"": 0.3, ""ロックアップ"": ""None"", ""isCEO"": false}, {""株主名"": ""小野寺　努"", ""比率"": 0.29, ""ロックアップ"": ""None"", ""isCEO"": false}, {""株主名"": ""橋本 吉則"", ""比率"": 0.27, ""ロックアップ"": ""None"", ""isCEO"": false}, {""株主名"": ""原田 義宗"", ""比率"": 0.27, ""ロックアップ"": ""None"", ""isCEO"": false}]"	"[{""売上高（百万円）"": {""2008年\n4月"": 7339.0, ""2009年\n4月"": 6285.0, ""2010年\n4月"": 5358.0, ""2011年\n4月"": 6579.0}}, {""経常利益（百万円）"": {""2008年\n4月"": 1287.0, ""2009年\n4月"": 573.0, ""2010年\n4月"": 320.0, ""2011年\n4月"": 681.0}}, {""当期純利益（百万円）"": {""2008年\n4月"": 703.0, ""2009年\n4月"": 407.0, ""2010年\n4月"": 264.0, ""2011年\n4月"": 326.0}}, {""純資産額\n（百万円）"": {""2008年\n4月"": 3654.0, ""2009年\n4月"": 3947.0, ""2010年\n4月"": 4407.0, ""2011年\n4月"": 4632.0}}, {""1株あたりの純資産額（円）"": {""2008年\n4月"": 1113.0, ""2009年\n4月"": 1187.0, ""2010年\n4月"": 1326.0, ""2011年\n4月"": 1393.0}}, {""1株あたりの純利益（円）"": {""2008年\n4月"": 214.3, ""2009年\n4月"": 124.15, ""2010年\n4月"": 79.47, ""2011年\n4月"": 98.22}}, {""自己資本比率（％）"": {""2008年\n4月"": 53.2, ""2009年\n4月"": 65.1, ""2010年\n4月"": 67.6, ""2011年\n4月"": 63.7}}, {""自己資本利益率（％）"": {""2008年\n4月"": 20.9, ""2009年\n4月"": 10.7, ""2010年\n4月"": 6.2, ""2011年\n4月"": 7.2}}]"
ポールトゥウィン・ピットクルーホールディング	3657			25.1	https://www.ipokiso.com/company/2011/poletowin.html	https://irbank.net/3657/ir		http://www.poletowin-pitcrew-holdings.co.jp/	デバッグ・検証事業、ネット看視事業他	"売上高（百万円）	None	6450	6865	3819
経常利益（百万円）	None	524	769	555
当期純利益（百万円）	None	217	381	298
1株あたりの純利益（円）	None	1202	2111	82
自己資本比率（％）	None	71.5	70.1	70.3
自己資本利益率（％）	None	10.9	16.7	11.6
経常利益率（％）	None	8.1	11.2	14.5"	"None	None	6%	-44%
None	None	47%	-28%
None	None	76%	-22%
None	None	76%	-96%
None	None	-2%	0%
None	None	53%	-31%
None	None	None	None"	-19.0	11.3		ポールトゥウィン・ピットクルーホールディングス（3657）、設立から間もない会社なので、IPO的にはどれだけ人気化するかがポイントになりそうです。個人的に、「ネット監視事業」が面白いと感じており、ここが起爆剤になってくれるのではないかと考えています。ネット証券では、1人1票制で副幹事を務めるSMBC日興証券、SBI証券から申し込むのがよいでしょう。	10月26日（水）	東証マザーズ	"[{""株主名"": ""橘 民義"", ""比率"": 31.05, ""ロックアップ"": ""None"", ""isCEO"": false}, {""株主名"": ""本重 光孝"", ""比率"": 28.45, ""ロックアップ"": ""None"", ""isCEO"": false}, {""株主名"": ""松本 公三"", ""比率"": 11.05, ""ロックアップ"": ""None"", ""isCEO"": false}, {""株主名"": ""従業員持ち株会"", ""比率"": 5.55, ""ロックアップ"": ""None"", ""isCEO"": false}, {""株主名"": ""橘 鉄平"", ""比率"": 4.19, ""ロックアップ"": ""None"", ""isCEO"": false}, {""株主名"": ""小西 直人（社長）"", ""比率"": 2.73, ""ロックアップ"": ""None"", ""isCEO"": true}, {""株主名"": ""津田 哲治"", ""比率"": 2.51, ""ロックアップ"": ""None"", ""isCEO"": false}, {""株主名"": ""上杉 増夫"", ""比率"": 2.51, ""ロックアップ"": ""None"", ""isCEO"": false}, {""株主名"": ""今西 謙太郎"", ""比率"": 1.88, ""ロックアップ"": ""None"", ""isCEO"": false}, {""株主名"": ""鈴木 博文"", ""比率"": 1.88, ""ロックアップ"": ""None"", ""isCEO"": false}]"	"[{""売上高（百万円）"": {""2009年\n3月"": null, ""2010年\n3月"": 6450.0, ""2011年\n1月"": 6865.0, ""2012年1月\n（第2四半期）"": 3819.0}}, {""経常利益（百万円）"": {""2009年\n3月"": null, ""2010年\n3月"": 524.0, ""2011年\n1月"": 769.0, ""2012年1月\n（第2四半期）"": 555.0}}, {""当期純利益（百万円）"": {""2009年\n3月"": null, ""2010年\n3月"": 217.0, ""2011年\n1月"": 381.0, ""2012年1月\n（第2四半期）"": 298.0}}, {""純資産額\n（百万円）"": {""2009年\n3月"": null, ""2010年\n3月"": 2103.0, ""2011年\n1月"": 2479.0, ""2012年1月\n（第2四半期）"": 2675.0}}, {""1株あたりの純資産額（円）"": {""2009年\n3月"": null, ""2010年\n3月"": 11631.0, ""2011年\n1月"": 13710.0, ""2012年1月\n（第2四半期）"": 3803.0}}, {""1株あたりの純利益（円）"": {""2009年\n3月"": null, ""2010年\n3月"": 1202.0, ""2011年\n1月"": 2111.0, ""2012年1月\n（第2四半期）"": 82.55}}, {""自己資本比率（％）"": {""2009年\n3月"": null, ""2010年\n3月"": 71.5, ""2011年\n1月"": 70.1, ""2012年1月\n（第2四半期）"": 70.3}}, {""自己資本利益率（％）"": {""2009年\n3月"": null, ""2010年\n3月"": 10.9, ""2011年\n1月"": 16.7, ""2012年1月\n（第2四半期）"": 11.6}}]"
スリー・ディー・マトリックス	7777				https://www.ipokiso.com/company/2011/3d-matrix.html	https://irbank.net/7777/ir		http://www.3d-matrix.co.jp/	自己組織化ペプチド技術を用いた医療製品の研究開発，製造及び販売	"売上高（百万円）	10	9	401	158
経常利益（百万円）	222	259	59	509
当期純利益（百万円）	223	296	60	533
1株あたりの純利益（円）	39414	42400	7870	58896
自己資本比率（％）	97.1	93.7	97.4	95.0
自己資本利益率（％）	None	None	None	None
経常利益率（％）	2220.0	2877.8	14.7	322.2"	"None	-10%	4356%	-61%
None	17%	-77%	763%
None	33%	-80%	788%
None	8%	-81%	648%
None	-4%	4%	-2%
None	None	None	None
None	None	None	None"	1428.3	1358.7		スリー・ディー・マトリックス（7777）、直近5期の決算書が真っ赤ということもあり、完全に人気勝負です。ただ、現在の市場の雰囲気からは、人気化するような雰囲気がみじんも感じられず、公募割れする可能性が高いでしょう。当選を狙うなら、主幹事のSMBC日興証券、SBI証券から申し込みが可能となっていますが、止めておいたが方がよいでしょう。	10月24日（月）	JASDAQグロース	"[{""株主名"": ""3DM Investment"", ""比率"": 12.78, ""ロックアップ"": ""None"", ""isCEO"": false}, {""株主名"": ""永野 恵嗣"", ""比率"": 10.58, ""ロックアップ"": ""None"", ""isCEO"": false}, {""株主名"": ""New Media Japan"", ""比率"": 7.93, ""ロックアップ"": ""None"", ""isCEO"": false}, {""株主名"": ""安田企業投資４号"", ""比率"": 6.92, ""ロックアップ"": ""None"", ""isCEO"": false}, {""株主名"": ""ＴＥＩ１号"", ""比率"": 3.92, ""ロックアップ"": ""None"", ""isCEO"": false}, {""株主名"": ""アイル"", ""比率"": 3.69, ""ロックアップ"": ""None"", ""isCEO"": false}, {""株主名"": ""扶桑薬品工業"", ""比率"": 3.69, ""ロックアップ"": ""None"", ""isCEO"": false}, {""株主名"": ""Excelsior Medical"", ""比率"": 3.69, ""ロックアップ"": ""None"", ""isCEO"": false}, {""株主名"": ""八神製作所"", ""比率"": 2.31, ""ロックアップ"": ""None"", ""isCEO"": false}, {""株主名"": ""伊藤忠ケミカルフロンティア"", ""比率"": 2.31, ""ロックアップ"": ""None"", ""isCEO"": false}, {""株主名"": ""JAIC-中小企業グローバル支援"", ""比率"": 2.31, ""ロックアップ"": ""None"", ""isCEO"": false}, {""株主名"": ""エムスリー"", ""比率"": 2.31, ""ロックアップ"": ""None"", ""isCEO"": false}]"	"[{""売上高（百万円）"": {""2008年\n4月"": 10.0, ""2009年\n4月"": 9.0, ""2010年\n4月"": 401.0, ""2011年\n4月"": 158.0}}, {""経常利益（百万円）"": {""2008年\n4月"": 222.0, ""2009年\n4月"": 259.0, ""2010年\n4月"": 59.0, ""2011年\n4月"": 509.0}}, {""当期純利益（百万円）"": {""2008年\n4月"": 223.0, ""2009年\n4月"": 296.0, ""2010年\n4月"": 60.0, ""2011年\n4月"": 533.0}}, {""純資産額\n（百万円）"": {""2008年\n4月"": 957.0, ""2009年\n4月"": 686.0, ""2010年\n4月"": 1167.0, ""2011年\n4月"": 1149.0}}, {""1株あたりの純資産額（円）"": {""2008年\n4月"": 137228.0, ""2009年\n4月"": 97.502, ""2010年\n4月"": 137634.0, ""2011年\n4月"": 120159.0}}, {""1株あたりの純利益（円）"": {""2008年\n4月"": 39414.0, ""2009年\n4月"": 42400.0, ""2010年\n4月"": 7870.0, ""2011年\n4月"": 58896.0}}, {""自己資本比率（％）"": {""2008年\n4月"": 97.1, ""2009年\n4月"": 93.7, ""2010年\n4月"": 97.4, ""2011年\n4月"": 95.0}}, {""自己資本利益率（％）"": {""2008年\n4月"": null, ""2009年\n4月"": null, ""2010年\n4月"": null, ""2011年\n4月"": null}}]"
日本管理センター	3276		30.65	8.7	https://www.ipokiso.com/company/2011/jpmc.html	https://irbank.net/3276/ir		http://www.jpmc.jp/	賃貸住宅等の不動産物件のサブリース業務及びその他の付随業務	"売上高（百万円）	5658	8702	11480	15514
経常利益（百万円）	169	153	174	331
当期純利益（百万円）	94	86	58	176
1株あたりの純利益（円）	11309	10382	7047	209
自己資本比率（％）	46.8	42.5	41.4	38.6
自己資本利益率（％）	12.8	10.4	6.5	17.5
経常利益率（％）	3.0	1.8	1.5	2.1"	"None	54%	32%	35%
None	-9%	14%	90%
None	-9%	-33%	203%
None	-8%	-32%	-97%
None	-9%	-3%	-7%
None	-19%	-38%	169%
None	None	None	None"	40.3	2.1		日本管理センター（3276）、ファンダメンタルズ的には文句のない案件です。ただ、リーマンショックで最悪の評価を受けている不動産業なだけに、初値の大幅上昇は期待しづらいでしょう。個人的には、もし初値が小幅の上昇程度で決まるようなら、純粋な投資として買うことを考えています。そういう意味では、IPOのリスクはほとんどないのではないでしょうか。当選を狙うなら、SBI証券から申し込みが可能となっています。	10月21日（金）	JASDAQスタンダード	"[{""株主名"": ""武藤 英明（社長）"", ""比率"": 30.65, ""ロックアップ"": ""None"", ""isCEO"": true}, {""株主名"": ""川口雄一郎"", ""比率"": 8.71, ""ロックアップ"": ""None"", ""isCEO"": false}, {""株主名"": ""ジャフコＶ１－Ｂ号"", ""比率"": 8.07, ""ロックアップ"": ""None"", ""isCEO"": false}, {""株主名"": ""ジャフコＶ１－Ａ号"", ""比率"": 4.84, ""ロックアップ"": ""None"", ""isCEO"": false}, {""株主名"": ""MBC開発"", ""比率"": 3.62, ""ロックアップ"": ""None"", ""isCEO"": false}, {""株主名"": ""明和不動産"", ""比率"": 3.62, ""ロックアップ"": ""None"", ""isCEO"": false}, {""株主名"": ""不動産中央情報センター"", ""比率"": 3.62, ""ロックアップ"": ""None"", ""isCEO"": false}, {""株主名"": ""みずほキャピタル第１号"", ""比率"": 3.34, ""ロックアップ"": ""None"", ""isCEO"": false}, {""株主名"": ""ジャフコＶ１－スター"", ""比率"": 3.23, ""ロックアップ"": ""None"", ""isCEO"": false}, {""株主名"": ""SMBCキャピタル１号"", ""比率"": 2.67, ""ロックアップ"": ""None"", ""isCEO"": false}]"	"[{""売上高（百万円）"": {""2007年\n12月"": 5658.0, ""2008年\n12月"": 8702.0, ""2009年\n12月"": 11480.0, ""2010年\n12月"": 15514.0}}, {""経常利益（百万円）"": {""2007年\n12月"": 169.0, ""2008年\n12月"": 153.0, ""2009年\n12月"": 174.0, ""2010年\n12月"": 331.0}}, {""当期純利益（百万円）"": {""2007年\n12月"": 94.0, ""2008年\n12月"": 86.0, ""2009年\n12月"": 58.0, ""2010年\n12月"": 176.0}}, {""純資産額\n（百万円）"": {""2007年\n12月"": 784.0, ""2008年\n12月"": 870.0, ""2009年\n12月"": 920.0, ""2010年\n12月"": 1101.0}}, {""1株あたりの純資産額（円）"": {""2007年\n12月"": 94210.0, ""2008年\n12月"": 104593.0, ""2009年\n12月"": 110608.0, ""2010年\n12月"": 1217.0}}, {""1株あたりの純利益（円）"": {""2007年\n12月"": 11309.0, ""2008年\n12月"": 10382.0, ""2009年\n12月"": 7047.0, ""2010年\n12月"": 209.75}}, {""自己資本比率（％）"": {""2007年\n12月"": 46.8, ""2008年\n12月"": 42.5, ""2009年\n12月"": 41.4, ""2010年\n12月"": 38.6}}, {""自己資本利益率（％）"": {""2007年\n12月"": 12.8, ""2008年\n12月"": 10.4, ""2009年\n12月"": 6.5, ""2010年\n12月"": 17.5}}]"
シンバイオ製薬	4582		22.65		https://www.ipokiso.com/company/2011/symbiopharma.html	https://irbank.net/4582/ir		http://www.symbiopharma.com/	特定疾病領域（がん・血液・自己免疫疾患）における医薬品の開発及び商業化	"売上高（百万円）	None	1630	1191	1449
経常利益（百万円）	1323	24	214	638
当期純利益（百万円）	1325	20	217	642
1株あたりの純利益（円）	24584	364	3252	5933
自己資本比率（％）	84.3	87.0	95.1	95.8
自己資本利益率（％）	None	1.6	None	None
経常利益率（％）	None	1.5	18.0	44.0"	"None	None	-27%	22%
None	-98%	792%	198%
None	-98%	985%	196%
None	-99%	793%	82%
None	3%	9%	1%
None	None	None	None
None	None	None	None"	-2.6	21.2		シンバイオ製薬（4582）、一時的にしろ黒字転換しているので、赤字続きのバイオベンチャーよりは買いを集めることができるでしょうが、それでも初値を上昇させるほどの買いが入るとは思えません。今は相場が冷え切っていますので、このようなチャレンジは控えた方がよいでしょう。当選を狙うなら、SBI証券、カブドットコム証券から申し込みが可能となっています。	10月20日（木）	JASDAQグロース	"[{""株主名"": ""吉田 文紀（社長）"", ""比率"": 22.65, ""ロックアップ"": ""None"", ""isCEO"": true}, {""株主名"": ""Cephalon"", ""比率"": 15.43, ""ロックアップ"": ""None"", ""isCEO"": false}, {""株主名"": ""ジャフコＶ２共有"", ""比率"": 13.76, ""ロックアップ"": ""None"", ""isCEO"": false}, {""株主名"": ""エーザイ"", ""比率"": 4.97, ""ロックアップ"": ""None"", ""isCEO"": false}, {""株主名"": ""早稲田１号"", ""比率"": 4.08, ""ロックアップ"": ""None"", ""isCEO"": false}, {""株主名"": ""早稲田グローバル１号"", ""比率"": 2.98, ""ロックアップ"": ""None"", ""isCEO"": false}, {""株主名"": ""NIFSMBC-V2006S３"", ""比率"": 1.8, ""ロックアップ"": ""None"", ""isCEO"": false}, {""株主名"": ""TNPオンザロード１号"", ""比率"": 1.51, ""ロックアップ"": ""None"", ""isCEO"": false}, {""株主名"": ""ジャフコＶ２－Ｗ"", ""比率"": 1.37, ""ロックアップ"": ""None"", ""isCEO"": false}, {""株主名"": ""第一三共"", ""比率"": 1.19, ""ロックアップ"": ""None"", ""isCEO"": false}]"	"[{""売上高（百万円）"": {""2007年\n12月"": null, ""2008年\n12月"": 1630.0, ""2009年\n12月"": 1191.0, ""2010年\n12月"": 1449.0}}, {""経常利益（百万円）"": {""2007年\n12月"": 1323.0, ""2008年\n12月"": 24.0, ""2009年\n12月"": 214.0, ""2010年\n12月"": 638.0}}, {""当期純利益（百万円）"": {""2007年\n12月"": 1325.0, ""2008年\n12月"": 20.0, ""2009年\n12月"": 217.0, ""2010年\n12月"": 642.0}}, {""純資産額\n（百万円）"": {""2007年\n12月"": 667.0, ""2008年\n12月"": 1306.0, ""2009年\n12月"": 4053.0, ""2010年\n12月"": 4083.0}}, {""1株あたりの純資産額（円）"": {""2007年\n12月"": 12251.0, ""2008年\n12月"": 22292.0, ""2009年\n12月"": 40275.0, ""2010年\n12月"": 36541.0}}, {""1株あたりの純利益（円）"": {""2007年\n12月"": 24584.0, ""2008年\n12月"": 364.0, ""2009年\n12月"": 3252.0, ""2010年\n12月"": 5933.0}}, {""自己資本比率（％）"": {""2007年\n12月"": 84.3, ""2008年\n12月"": 87.0, ""2009年\n12月"": 95.1, ""2010年\n12月"": 95.8}}, {""自己資本利益率（％）"": {""2007年\n12月"": null, ""2008年\n12月"": 1.6, ""2009年\n12月"": null, ""2010年\n12月"": null}}]"
ＫLab	3656		19.14	36.1	https://www.ipokiso.com/company/2011/klab.html	https://irbank.net/3656/ir		http://www.klab.com/jp/	ソーシャル事業、ＳＩ事業、クラウド＆ライセンス事業	"売上高（百万円）	2098	2216	2365	2953
経常利益（百万円）	102	27	53	131
当期純利益（百万円）	63	60	93	209
1株あたりの純利益（円）	4084	3893	6021	13439
自己資本比率（％）	41.3	42.6	40.4	50.0
自己資本利益率（％）	15.1	None	18.9	32.3
経常利益率（％）	4.9	1.2	2.2	4.4"	"None	6%	7%	25%
None	-74%	96%	147%
None	-5%	55%	125%
None	-5%	55%	123%
None	3%	-5%	24%
None	None	None	71%
None	None	None	None"	12.4	3.2		KLab（3656）、今期の業績の伸びを考慮すれば、想定価格の水準も決して高くなく、将来性の大きさから多くの買いが入ることが予想されます。ベンチャーキャピタルのロックアップが公募価格の2.0倍で解除されますので、そこから上は重くなるでしょうが、そこまではすんなり上昇していくのではないでしょうか。副幹事のSBI証券から全力で当選を狙っていきましょう！	9月27日（火）	東証マザーズ	"[{""株主名"": ""真田 哲弥（社長）"", ""比率"": 19.14, ""ロックアップ"": ""None"", ""isCEO"": true}, {""株主名"": ""SBIビービー・モバイル投資組合"", ""比率"": 10.41, ""ロックアップ"": ""None"", ""isCEO"": false}, {""株主名"": ""SBIブロードバンドファンド１号"", ""比率"": 10.23, ""ロックアップ"": ""None"", ""isCEO"": false}, {""株主名"": ""SBIホールディングス"", ""比率"": 8.9, ""ロックアップ"": ""None"", ""isCEO"": false}, {""株主名"": ""SBIビービー・メディア投資組合"", ""比率"": 7.38, ""ロックアップ"": ""None"", ""isCEO"": false}, {""株主名"": ""IMJモバイル"", ""比率"": 7.18, ""ロックアップ"": ""None"", ""isCEO"": false}, {""株主名"": ""SBI－R＆D投資組合"", ""比率"": 6.28, ""ロックアップ"": ""None"", ""isCEO"": false}, {""株主名"": ""ジェイ・エス・ピー・エフ２号"", ""比率"": 4.17, ""ロックアップ"": ""None"", ""isCEO"": false}, {""株主名"": ""仙石　浩明"", ""比率"": 4.06, ""ロックアップ"": ""None"", ""isCEO"": false}, {""株主名"": ""ドコモ・ドットコム"", ""比率"": 4.01, ""ロックアップ"": ""None"", ""isCEO"": false}]"	"[{""売上高（百万円）"": {""2007年\n8月"": 2098.0, ""2008年\n8月"": 2216.0, ""2009年\n8月"": 2365.0, ""2010年\n8月"": 2953.0}}, {""経常利益（百万円）"": {""2007年\n8月"": 102.0, ""2008年\n8月"": 27.0, ""2009年\n8月"": 53.0, ""2010年\n8月"": 131.0}}, {""当期純利益（百万円）"": {""2007年\n8月"": 63.0, ""2008年\n8月"": 60.0, ""2009年\n8月"": 93.0, ""2010年\n8月"": 209.0}}, {""純資産額\n（百万円）"": {""2007年\n8月"": 511.0, ""2008年\n8月"": 450.0, ""2009年\n8月"": 544.0, ""2010年\n8月"": 753.0}}, {""1株あたりの純資産額（円）"": {""2007年\n8月"": 32779.0, ""2008年\n8月"": 28886.0, ""2009年\n8月"": 34908.0, ""2010年\n8月"": 48347.0}}, {""1株あたりの純利益（円）"": {""2007年\n8月"": 4084.0, ""2008年\n8月"": 3893.0, ""2009年\n8月"": 6021.0, ""2010年\n8月"": 13439.0}}, {""自己資本比率（％）"": {""2007年\n8月"": 41.3, ""2008年\n8月"": 42.6, ""2009年\n8月"": 40.4, ""2010年\n8月"": 50.0}}, {""自己資本利益率（％）"": {""2007年\n8月"": 15.1, ""2008年\n8月"": null, ""2009年\n8月"": 18.9, ""2010年\n8月"": 32.3}}]"
ブレインパッド	3655		36.99	47.3	https://www.ipokiso.com/company/2011/brainpad.html	https://irbank.net/3655/ir		http://www.brainpad.co.jp/	アナリティクス事業、ソリューション事業、ASP関連事業	"売上高（百万円）	368	420	646	906
経常利益（百万円）	24	4	58	73
当期純利益（百万円）	19	4	41	44
1株あたりの純利益（円）	2684	564	4831	5189
自己資本比率（％）	44.1	50.8	54.1	49.3
自己資本利益率（％）	28.2	3.7	26.2	22.1
経常利益率（％）	6.5	1.0	9.0	8.1"	"None	14%	54%	40%
None	-83%	1350%	26%
None	-79%	925%	7%
None	-79%	755%	7%
None	15%	6%	-9%
None	-87%	608%	-16%
None	None	None	None"	36.1	6.2		ブレインパッド（3655）、マザーズ上場の小型案件で、新規性の高いビジネスモデル、加えて、当選本数が少なく需給的にも問題なしとなれば、初値が上がらない理由はありません。一般個人にやさしいネット証券での取り扱いも多いため、積極的に当選を狙っていきましょう。1人1票制を採用している副幹事のSMBC日興証券はもちろん、SBI証券、マネックス証券からも申し込みましょう。	9月22日（木）	東証マザーズ	"[{""株主名"": ""草野 隆史（社長）"", ""比率"": 36.99, ""ロックアップ"": ""None"", ""isCEO"": true}, {""株主名"": ""佐藤　清之輔"", ""比率"": 21.94, ""ロックアップ"": ""None"", ""isCEO"": false}, {""株主名"": ""ディシプリン"", ""比率"": 8.92, ""ロックアップ"": ""None"", ""isCEO"": false}, {""株主名"": ""丹沢　良太"", ""比率"": 5.58, ""ロックアップ"": ""None"", ""isCEO"": false}, {""株主名"": ""アイレップ"", ""比率"": 5.0, ""ロックアップ"": ""None"", ""isCEO"": false}, {""株主名"": ""ジャフコV1-B号"", ""比率"": 4.73, ""ロックアップ"": ""None"", ""isCEO"": false}, {""株主名"": ""ジャフコV1-スター"", ""比率"": 2.68, ""ロックアップ"": ""None"", ""isCEO"": false}, {""株主名"": ""上平　徹"", ""比率"": 2.23, ""ロックアップ"": ""None"", ""isCEO"": false}, {""株主名"": ""ジャフコ・グレートエンジェルファンド1号"", ""比率"": 1.96, ""ロックアップ"": ""None"", ""isCEO"": false}, {""株主名"": ""ジャフコV1-A号"", ""比率"": 1.78, ""ロックアップ"": ""None"", ""isCEO"": false}]"	"[{""売上高（百万円）"": {""2007年\n6月"": 368.0, ""2008年\n6月"": 420.0, ""2009年\n6月"": 646.0, ""2010年\n6月"": 906.0}}, {""経常利益（百万円）"": {""2007年\n6月"": 24.0, ""2008年\n6月"": 4.0, ""2009年\n6月"": 58.0, ""2010年\n6月"": 73.0}}, {""当期純利益（百万円）"": {""2007年\n6月"": 19.0, ""2008年\n6月"": 4.0, ""2009年\n6月"": 41.0, ""2010年\n6月"": 44.0}}, {""純資産額\n（百万円）"": {""2007年\n6月"": 100.0, ""2008年\n6月"": 136.0, ""2009年\n6月"": 177.0, ""2010年\n6月"": 222.0}}, {""1株あたりの純資産額（円）"": {""2007年\n6月"": 13003.0, ""2008年\n6月"": 16051.0, ""2009年\n6月"": 20882.0, ""2010年\n6月"": 26072.0}}, {""1株あたりの純利益（円）"": {""2007年\n6月"": 2684.0, ""2008年\n6月"": 564.75, ""2009年\n6月"": 4831.0, ""2010年\n6月"": 5189.0}}, {""自己資本比率（％）"": {""2007年\n6月"": 44.1, ""2008年\n6月"": 50.8, ""2009年\n6月"": 54.1, ""2010年\n6月"": 49.3}}, {""自己資本利益率（％）"": {""2007年\n6月"": 28.2, ""2008年\n6月"": 3.7, ""2009年\n6月"": 26.2, ""2010年\n6月"": 22.1}}]"
イーピーミント	6052			8.9	https://www.ipokiso.com/company/2011/epmint.html	https://irbank.net/6052/ir		http://www.epmint.co.jp/	臨床試験を実施する医療機関に対する支援及びその他付随業務	"売上高（百万円）	3375	3500	3347	4057
経常利益（百万円）	640	698	499	605
当期純利益（百万円）	372	401	284	355
1株あたりの純利益（円）	22660	24385	172	216
自己資本比率（％）	62.0	77.5	77.1	72.7
自己資本利益率（％）	26.5	22.8	13.9	15.4
経常利益率（％）	19.0	19.9	14.9	14.9"	"None	4%	-4%	21%
None	9%	-29%	21%
None	8%	-29%	25%
None	8%	-99%	25%
None	25%	-1%	-6%
None	-14%	-39%	11%
None	None	None	None"	6.8	17.2		イーピーミント（6052）、事業自体に華やかさは感じませんが、比較的高い評価を得られる医療関連、割高でない想定価格より、初値上昇の可能性が高いでしょう。また、大株主に対してしっかりロックアップがかかっており、売り出しを心配する必要もありません。ネット証券では、SMBC日興証券、マネックス証券から申し込みが可能となっています。	9月16日（金）	JASDAQスタンダード	"[{""株主名"": ""イーピーエス"", ""比率"": 62.64, ""ロックアップ"": ""None"", ""isCEO"": false}, {""株主名"": ""従業員持ち株会"", ""比率"": 8.14, ""ロックアップ"": ""None"", ""isCEO"": false}, {""株主名"": ""田代 伸郎（社長）"", ""比率"": 4.93, ""ロックアップ"": ""None"", ""isCEO"": true}, {""株主名"": ""メディカルアソシア"", ""比率"": 3.0, ""ロックアップ"": ""None"", ""isCEO"": false}, {""株主名"": ""シェルパ2号"", ""比率"": 1.98, ""ロックアップ"": ""None"", ""isCEO"": false}, {""株主名"": ""三谷　文彦"", ""比率"": 1.62, ""ロックアップ"": ""None"", ""isCEO"": false}, {""株主名"": ""シェルパ1号"", ""比率"": 1.5, ""ロックアップ"": ""None"", ""isCEO"": false}, {""株主名"": ""ジャフコV1-B号"", ""比率"": 1.38, ""ロックアップ"": ""None"", ""isCEO"": false}, {""株主名"": ""越川　勝義"", ""比率"": 1.35, ""ロックアップ"": ""None"", ""isCEO"": false}, {""株主名"": ""住友商事"", ""比率"": 1.2, ""ロックアップ"": ""None"", ""isCEO"": false}]"	"[{""売上高（百万円）"": {""2007年\n9月"": 3375.0, ""2008年\n9月"": 3500.0, ""2009年\n9月"": 3347.0, ""2010年\n9月"": 4057.0}}, {""経常利益（百万円）"": {""2007年\n9月"": 640.0, ""2008年\n9月"": 698.0, ""2009年\n9月"": 499.0, ""2010年\n9月"": 605.0}}, {""当期純利益（百万円）"": {""2007年\n9月"": 372.0, ""2008年\n9月"": 401.0, ""2009年\n9月"": 284.0, ""2010年\n9月"": 355.0}}, {""純資産額\n（百万円）"": {""2007年\n9月"": 1589.0, ""2008年\n9月"": 1934.0, ""2009年\n9月"": 2153.0, ""2010年\n9月"": 2459.0}}, {""1株あたりの純資産額（円）"": {""2007年\n9月"": 96625.0, ""2008年\n9月"": 117611.0, ""2009年\n9月"": 1308.0, ""2010年\n9月"": 1494.0}}, {""1株あたりの純利益（円）"": {""2007年\n9月"": 22660.0, ""2008年\n9月"": 24385.0, ""2009年\n9月"": 172.73, ""2010年\n9月"": 216.09}}, {""自己資本比率（％）"": {""2007年\n9月"": 62.0, ""2008年\n9月"": 77.5, ""2009年\n9月"": 77.1, ""2010年\n9月"": 72.7}}, {""自己資本利益率（％）"": {""2007年\n9月"": 26.5, ""2008年\n9月"": 22.8, ""2009年\n9月"": 13.9, ""2010年\n9月"": 15.4}}]"
ヒト・コミュニケーションズ	3654			14.4	https://www.ipokiso.com/company/2011/hitocom.html	https://irbank.net/3654/ir		http://www.hitocom.net/	家電，モバイル製品等の営業・販売業務を一括して受託するアウトソーシング事業，人材派遣事業等	"売上高（百万円）	9674	12188	12781	14046
経常利益（百万円）	532	589	628	783
当期純利益（百万円）	288	318	322	395
1株あたりの純利益（円）	80632	89033	90009	110350
自己資本比率（％）	32.6	40.0	44.0	48.8
自己資本利益率（％）	47.1	34.8	26.1	24.8
経常利益率（％）	5.5	4.8	4.9	5.6"	"None	26%	5%	10%
None	11%	7%	25%
None	10%	1%	23%
None	10%	1%	23%
None	23%	10%	11%
None	-26%	-25%	-5%
None	None	None	None"	13.6	5.2		ヒト・コミュニケーションズ（3654）、アウトソーシング・人材派遣が盛り上がっていたのは、小泉政権が規制緩和を進めていた頃ですから、今さら感がかなり強いです。現在の業績に対して想定価格が高いというわけではないので、大きく公募割れすることはなさそうですが、大幅に上昇することもなさそうです。当選を狙うなら、1人1票制を採用し副幹事を務めるSMBC日興証券、SBI証券、松井証券から申し込みましょう。	8月12日（金）	ＪＡＳＤＡＱスタンダード	"[{""株主名"": ""野村信託銀行(信託口2052116)"", ""比率"": 83.18, ""ロックアップ"": ""None"", ""isCEO"": false}, {""株主名"": ""ダッチパートナーズ"", ""比率"": 14.8, ""ロックアップ"": ""None"", ""isCEO"": false}, {""株主名"": ""安井 豊明（社長）"", ""比率"": 2.01, ""ロックアップ"": ""None"", ""isCEO"": true}]"	"[{""売上高（百万円）"": {""2007年\n8月"": 9674.0, ""2008年\n8月"": 12188.0, ""2009年\n8月"": 12781.0, ""2010年\n8月"": 14046.0}}, {""経常利益（百万円）"": {""2007年\n8月"": 532.0, ""2008年\n8月"": 589.0, ""2009年\n8月"": 628.0, ""2010年\n8月"": 783.0}}, {""当期純利益（百万円）"": {""2007年\n8月"": 288.0, ""2008年\n8月"": 318.0, ""2009年\n8月"": 322.0, ""2010年\n8月"": 395.0}}, {""純資産額\n（百万円）"": {""2007年\n8月"": 756.0, ""2008年\n8月"": 1075.0, ""2009年\n8月"": 1397.0, ""2010年\n8月"": 1792.0}}, {""1株あたりの純資産額（円）"": {""2007年\n8月"": 211336.0, ""2008年\n8月"": 300369.0, ""2009年\n8月"": 390379.0, ""2010年\n8月"": 500729.0}}, {""1株あたりの純利益（円）"": {""2007年\n8月"": 80632.0, ""2008年\n8月"": 89033.0, ""2009年\n8月"": 90009.0, ""2010年\n8月"": 110350.0}}, {""自己資本比率（％）"": {""2007年\n8月"": 32.6, ""2008年\n8月"": 40.0, ""2009年\n8月"": 44.0, ""2010年\n8月"": 48.8}}, {""自己資本利益率（％）"": {""2007年\n8月"": 47.1, ""2008年\n8月"": 34.8, ""2009年\n8月"": 26.1, ""2010年\n8月"": 24.8}}]"
モルフォ	3653		12.09	11.4	https://www.ipokiso.com/company/2011/morphoinc.html	https://irbank.net/3653/ir		http://www.morphoinc.com/	画像処理技術の研究開発および製品開発ならびにライセンシング	"売上高（百万円）	282	655	1035	1417
経常利益（百万円）	1	70	189	307
当期純利益（百万円）	5	146	175	250
1株あたりの純利益（円）	1391	28103	32245	44277
自己資本比率（％）	70.3	51.5	63.0	66.0
自己資本利益率（％）	None	None	26.2	28.0
経常利益率（％）	0.4	10.7	18.3	21.7"	"None	132%	58%	37%
None	6900%	170%	62%
None	2820%	20%	43%
None	1920%	15%	37%
None	-27%	22%	5%
None	None	None	7%
None	None	None	None"	75.7	12.8		モルフォ（3653）、「マザーズ上場」「小型」「新規性の高い事業」と、初値が高騰しやすい3条件がそろっています。ベンチャーキャピタルの保有比率が高いですが、主要なところにはロックアップがかかっており、解除の1.5倍まではすんなり上がりそうです。当選を狙うなら、1人1票制を採用し、副幹事を務めているSMBC日興証券、松井証券から申し込みましょう。	7月21日（木）	東証マザーズ	"[{""株主名"": ""ユーテック一号"", ""比率"": 21.27, ""ロックアップ"": ""None"", ""isCEO"": false}, {""株主名"": ""平賀　督基（社長）"", ""比率"": 12.09, ""ロックアップ"": ""None"", ""isCEO"": true}, {""株主名"": ""羽深　兼介"", ""比率"": 10.36, ""ロックアップ"": ""None"", ""isCEO"": false}, {""株主名"": ""Nokia Growth Partners II"", ""比率"": 7.05, ""ロックアップ"": ""None"", ""isCEO"": false}, {""株主名"": ""ドコモ・ドットコム"", ""比率"": 4.68, ""ロックアップ"": ""None"", ""isCEO"": false}, {""株主名"": ""ＮＴＴドコモ"", ""比率"": 4.23, ""ロックアップ"": ""None"", ""isCEO"": false}, {""株主名"": ""高井　正美"", ""比率"": 3.24, ""ロックアップ"": ""None"", ""isCEO"": false}, {""株主名"": ""ＮＥＣカシオモバイルコミュニケーションズ"", ""比率"": 2.71, ""ロックアップ"": ""None"", ""isCEO"": false}, {""株主名"": ""染谷　謙太朗"", ""比率"": 2.23, ""ロックアップ"": ""None"", ""isCEO"": false}, {""株主名"": ""パナソニック"", ""比率"": 1.75, ""ロックアップ"": ""None"", ""isCEO"": false}, {""株主名"": ""ＮＴＴファイナンス"", ""比率"": 1.62, ""ロックアップ"": ""None"", ""isCEO"": false}, {""株主名"": ""メガチップス"", ""比率"": 1.62, ""ロックアップ"": ""None"", ""isCEO"": false}]"	"[{""売上高（百万円）"": {""2007年\n10月"": 282.0, ""2008年\n10月"": 655.0, ""2009年\n10月"": 1035.0, ""2010年\n10月"": 1417.0}}, {""経常利益（百万円）"": {""2007年\n10月"": 1.0, ""2008年\n10月"": 70.0, ""2009年\n10月"": 189.0, ""2010年\n10月"": 307.0}}, {""当期純利益（百万円）"": {""2007年\n10月"": 5.0, ""2008年\n10月"": 146.0, ""2009年\n10月"": 175.0, ""2010年\n10月"": 250.0}}, {""純資産額\n（百万円）"": {""2007年\n10月"": 530.0, ""2008年\n10月"": 569.0, ""2009年\n10月"": 764.0, ""2010年\n10月"": 1026.0}}, {""1株あたりの純資産額（円）"": {""2007年\n10月"": 116278.0, ""2008年\n10月"": 107086.0, ""2009年\n10月"": 137288.0, ""2010年\n10月"": 179877.0}}, {""1株あたりの純利益（円）"": {""2007年\n10月"": 1391.0, ""2008年\n10月"": 28103.0, ""2009年\n10月"": 32245.0, ""2010年\n10月"": 44277.0}}, {""自己資本比率（％）"": {""2007年\n10月"": 70.3, ""2008年\n10月"": 51.5, ""2009年\n10月"": 63.0, ""2010年\n10月"": 66.0}}, {""自己資本利益率（％）"": {""2007年\n10月"": null, ""2008年\n10月"": null, ""2009年\n10月"": 26.2, ""2010年\n10月"": 28.0}}]"
ラクオリア創薬	4579				https://www.ipokiso.com/company/2011/raqualia.html	https://irbank.net/4579/ir		http://www.raqualia.co.jp/	医薬品の研究開発及び開発化合物等の知的財産の導出	"売上高（百万円）	None	None	1186	602
経常利益（百万円）	2903	2638	1295	14
当期純利益（百万円）	2899	2642	1307	13
1株あたりの純利益（円）	4207536	2642327	261094	1
自己資本比率（％）	97.5	94.4	94.0	94.9
自己資本利益率（％）	None	None	None	0.3
経常利益率（％）	None	None	109.2	2.3"	"None	None	None	-49%
None	-9%	-51%	-99%
None	-9%	-51%	-99%
None	-37%	-90%	-100%
None	-3%	-0%	1%
None	None	None	None
None	None	None	None"	-49.2	55.8		ラクオリア創薬（4579）、上場するタイミングがとにかく悪いです。赤字垂れ流しのバイオベンチャーは、相場が活況でないと公募割れする可能性が非常に高いです。そして、今は東日本大震災で投資家のメンタルが冷え切っており、とても買いが入るような状況ではありません。スルーするのが無難でしょう。当選を狙うなら、SMBC日興証券、SBI証券、カブドットコム証券から申し込みが可能となっています。	7月20日（水）	JASDAQグロース	"[{""株主名"": ""CIP V Japan"", ""比率"": 24.3, ""ロックアップ"": ""None"", ""isCEO"": false}, {""株主名"": ""NIFSMBC-V2006S3"", ""比率"": 19.42, ""ロックアップ"": ""None"", ""isCEO"": false}, {""株主名"": ""ファイザー"", ""比率"": 18.76, ""ロックアップ"": ""None"", ""isCEO"": false}, {""株主名"": ""NIFSMBC-V2006S1"", ""比率"": 11.65, ""ロックアップ"": ""None"", ""isCEO"": false}, {""株主名"": ""ジャフコ・スーパーＶ３共有"", ""比率"": 3.39, ""ロックアップ"": ""None"", ""isCEO"": false}, {""株主名"": ""長久 厚（社長）"", ""比率"": 2.67, ""ロックアップ"": ""None"", ""isCEO"": true}, {""株主名"": ""JKPE（同）"", ""比率"": 2.54, ""ロックアップ"": ""None"", ""isCEO"": false}, {""株主名"": ""ユーテック一号"", ""比率"": 2.54, ""ロックアップ"": ""None"", ""isCEO"": false}, {""株主名"": ""コラボ産学官ファンド"", ""比率"": 1.69, ""ロックアップ"": ""None"", ""isCEO"": false}, {""株主名"": ""ラルク＆ハヤテ"", ""比率"": 1.52, ""ロックアップ"": ""None"", ""isCEO"": false}]"	"[{""売上高（百万円）"": {""2008年\n12月"": null, ""2009年\n12月"": null, ""2010年\n12月"": 1186.0, ""2011年12月\n（第1四半期）"": 602.0}}, {""経常利益（百万円）"": {""2008年\n12月"": 2903.0, ""2009年\n12月"": 2638.0, ""2010年\n12月"": 1295.0, ""2011年12月\n（第1四半期）"": 14.0}}, {""当期純利益（百万円）"": {""2008年\n12月"": 2899.0, ""2009年\n12月"": 2642.0, ""2010年\n12月"": 1307.0, ""2011年12月\n（第1四半期）"": 13.0}}, {""純資産額\n（百万円）"": {""2008年\n12月"": 6522.0, ""2009年\n12月"": 3879.0, ""2010年\n12月"": 4191.0, ""2011年12月\n（第1四半期）"": 4214.0}}, {""1株あたりの純資産額（円）"": {""2008年\n12月"": 2889749.0, ""2009年\n12月"": 5532076.0, ""2010年\n12月"": 180902.0, ""2011年12月\n（第1四半期）"": 454.73}}, {""1株あたりの純利益（円）"": {""2008年\n12月"": 4207536.0, ""2009年\n12月"": 2642327.0, ""2010年\n12月"": 261094.0, ""2011年12月\n（第1四半期）"": 1.49}}, {""自己資本比率（％）"": {""2008年\n12月"": 97.5, ""2009年\n12月"": 94.4, ""2010年\n12月"": 94.0, ""2011年12月\n（第1四半期）"": 94.9}}, {""自己資本利益率（％）"": {""2008年\n12月"": null, ""2009年\n12月"": null, ""2010年\n12月"": null, ""2011年12月\n（第1四半期）"": 0.3}}]"
SEMITEC	6626		33.89	11.3	https://www.ipokiso.com/company/2011/semitec.html	https://irbank.net/6626/ir		http://www.semitec.co.jp/	温度センサ等の製造，販売	"売上高（百万円）	5897	5930	8934	9500
経常利益（百万円）	308	103	0	419
当期純利益（百万円）	187	21	86	304
1株あたりの純利益（円）	758	8	34	122
自己資本比率（％）	59.3	55.8	57.1	59.6
自己資本利益率（％）	4.2	0.4	1.4	5.0
経常利益率（％）	5.2	1.7	None	4.4"	"None	1%	51%	6%
None	-67%	-100%	None
None	-89%	310%	253%
None	-99%	296%	252%
None	-6%	2%	4%
None	-90%	250%	257%
None	None	None	None"	19.2	3.8		SEMITEC（6626）、個別の要因というより、全体の雰囲気が悪すぎます。6月に入ってから公募割れの案件が続いており、非常に厳しい状況。人気化する要素が少なく、なかなか初値を押し上げるほどの買いを集めるイメージが持てません。当選を狙うなら、副幹事のSMBC日興証券、SBI証券、カブドットコム証券から申し込みが可能となっていますが、あまりおすすめはしません。	6月29日（水）	JASDAQスタンダード	"[{""株主名"": ""石塚 二朗（社長）"", ""比率"": 33.89, ""ロックアップ"": ""None"", ""isCEO"": true}, {""株主名"": ""石塚興産"", ""比率"": 17.15, ""ロックアップ"": ""None"", ""isCEO"": false}, {""株主名"": ""従業員持ち株会"", ""比率"": 11.98, ""ロックアップ"": ""None"", ""isCEO"": false}, {""株主名"": ""石塚　大助"", ""比率"": 5.97, ""ロックアップ"": ""None"", ""isCEO"": false}, {""株主名"": ""石塚　みどり"", ""比率"": 4.08, ""ロックアップ"": ""None"", ""isCEO"": false}, {""株主名"": ""日興コーディアル証券投資組合"", ""比率"": 2.2, ""ロックアップ"": ""None"", ""isCEO"": false}, {""株主名"": ""但馬　祥生"", ""比率"": 1.2, ""ロックアップ"": ""None"", ""isCEO"": false}, {""株主名"": ""ジャフコＶ１－Ｂ号"", ""比率"": 1.2, ""ロックアップ"": ""None"", ""isCEO"": false}, {""株主名"": ""加藤　禎彦"", ""比率"": 1.04, ""ロックアップ"": ""None"", ""isCEO"": false}, {""株主名"": ""河村　静男"", ""比率"": 1.04, ""ロックアップ"": ""None"", ""isCEO"": false}, {""株主名"": ""横山　寛泰"", ""比率"": 1.04, ""ロックアップ"": ""None"", ""isCEO"": false}, {""株主名"": ""笹原　邦夫"", ""比率"": 1.04, ""ロックアップ"": ""None"", ""isCEO"": false}]"	"[{""売上高（百万円）"": {""2007年\n3月"": 5897.0, ""2008年\n3月"": 5930.0, ""2009年\n3月"": 8934.0, ""2010年\n3月"": 9500.0}}, {""経常利益（百万円）"": {""2007年\n3月"": 308.0, ""2008年\n3月"": 103.0, ""2009年\n3月"": 0.0, ""2010年\n3月"": 419.0}}, {""当期純利益（百万円）"": {""2007年\n3月"": 187.0, ""2008年\n3月"": 21.0, ""2009年\n3月"": 86.0, ""2010年\n3月"": 304.0}}, {""純資産額\n（百万円）"": {""2007年\n3月"": 4513.0, ""2008年\n3月"": 4465.0, ""2009年\n3月"": 6065.0, ""2010年\n3月"": 6277.0}}, {""1株あたりの純資産額（円）"": {""2007年\n3月"": 18239.0, ""2008年\n3月"": 1804.0, ""2009年\n3月"": 2407.0, ""2010年\n3月"": 2492.0}}, {""1株あたりの純利益（円）"": {""2007年\n3月"": 758.09, ""2008年\n3月"": 8.83, ""2009年\n3月"": 34.94, ""2010年\n3月"": 122.97}}, {""自己資本比率（％）"": {""2007年\n3月"": 59.3, ""2008年\n3月"": 55.8, ""2009年\n3月"": 57.1, ""2010年\n3月"": 59.6}}, {""自己資本利益率（％）"": {""2007年\n3月"": 4.2, ""2008年\n3月"": 0.4, ""2009年\n3月"": 1.4, ""2010年\n3月"": 5.0}}]"
日本ドライケミカル	1909			2.3	https://www.ipokiso.com/company/2011/ndc-group.html	https://irbank.net/1909/ir		http://www.ndc-group.co.jp/	消火・防災設備の設計、製造、販売、施工、保守等	"売上高（百万円）	19756	10232	23624	21409
経常利益（百万円）	4	165	1000	580
当期純利益（百万円）	69	445	687	1403
1株あたりの純利益（円）	4	28	44	1251
自己資本比率（％）	22.3	31.4	36.7	36.8
自己資本利益率（％）	2.4	14.2	17.4	30.8
経常利益率（％）	0.0	1.6	4.2	2.7"	"None	-48%	131%	-9%
None	4025%	506%	-42%
None	545%	54%	104%
None	540%	55%	2724%
None	41%	17%	0%
None	492%	23%	77%
None	None	None	None"	24.4	2.1		日本ドライケミカル（1909）、ただでさえ盛り上がりにかける案件のうえ、相場全体の雰囲気も悪く、公募割れの可能性が高いでしょう。ただ、震災直後ということで、防災関連に注目が集まっており、もしかすると、その関連で買いが入るかもしれません。当選を狙うなら、副幹事のSMBC日興証券、SBI証券、カブドットコム証券から申し込みが可能となっていますが、あまりおすすめしません。	6月29日（水）	東証2部	"[{""株主名"": ""大和証券エスエムビーシープリンシパル・インベストメンツ"", ""比率"": 70.31, ""ロックアップ"": ""None"", ""isCEO"": false}, {""株主名"": ""吉谷機械製作所"", ""比率"": 2.73, ""ロックアップ"": ""None"", ""isCEO"": false}, {""株主名"": ""ニッセイ・キャピタル４号"", ""比率"": 2.59, ""ロックアップ"": ""None"", ""isCEO"": false}, {""株主名"": ""東京エネシス"", ""比率"": 2.39, ""ロックアップ"": ""None"", ""isCEO"": false}, {""株主名"": ""斎久工業"", ""比率"": 2.04, ""ロックアップ"": ""None"", ""isCEO"": false}, {""株主名"": ""日本管材センター"", ""比率"": 1.36, ""ロックアップ"": ""None"", ""isCEO"": false}, {""株主名"": ""デンヨー"", ""比率"": 1.36, ""ロックアップ"": ""None"", ""isCEO"": false}, {""株主名"": ""テプスター"", ""比率"": 1.36, ""ロックアップ"": ""None"", ""isCEO"": false}, {""株主名"": ""ＮＶＣＣ６号"", ""比率"": 1.33, ""ロックアップ"": ""None"", ""isCEO"": false}, {""株主名"": ""遠山　栄一"", ""比率"": 0.82, ""ロックアップ"": ""None"", ""isCEO"": false}]"	"[{""売上高（百万円）"": {""2007年\n3月"": 19756.0, ""2008年\n3月"": 10232.0, ""2009年\n3月"": 23624.0, ""2010年\n3月"": 21409.0}}, {""経常利益（百万円）"": {""2007年\n3月"": 4.0, ""2008年\n3月"": 165.0, ""2009年\n3月"": 1000.0, ""2010年\n3月"": 580.0}}, {""当期純利益（百万円）"": {""2007年\n3月"": 69.0, ""2008年\n3月"": 445.0, ""2009年\n3月"": 687.0, ""2010年\n3月"": 1403.0}}, {""純資産額\n（百万円）"": {""2007年\n3月"": 2905.0, ""2008年\n3月"": 3351.0, ""2009年\n3月"": 4291.0, ""2010年\n3月"": 4816.0}}, {""1株あたりの純資産額（円）"": {""2007年\n3月"": 187.1, ""2008年\n3月"": 215.77, ""2009年\n3月"": 276.3, ""2010年\n3月"": 3282.0}}, {""1株あたりの純利益（円）"": {""2007年\n3月"": 4.48, ""2008年\n3月"": 28.66, ""2009年\n3月"": 44.3, ""2010年\n3月"": 1251.0}}, {""自己資本比率（％）"": {""2007年\n3月"": 22.3, ""2008年\n3月"": 31.4, ""2009年\n3月"": 36.7, ""2010年\n3月"": 36.8}}, {""自己資本利益率（％）"": {""2007年\n3月"": 2.4, ""2008年\n3月"": 14.2, ""2009年\n3月"": 17.4, ""2010年\n3月"": 30.8}}]"
イートアンド	2882		42.76	17.1	https://www.ipokiso.com/company/2011/eat-and.html	https://irbank.net/2882/ir		http://www.eat-and.jp/	大阪王将を中心とした外食事業のチェーン展開，及び同ブランドを活用した中華惣菜を中心とする冷凍食品の製造及び販売事業	"売上高（百万円）	9760	9864	10762	14644
経常利益（百万円）	274	294	335	557
当期純利益（百万円）	25	92	156	201
1株あたりの純利益（円）	127	463	779	1003
自己資本比率（％）	17.0	21.3	21.2	19.3
自己資本利益率（％）	3.1	10.6	15.8	17.4
経常利益率（％）	2.8	3.0	3.1	3.8"	"None	1%	9%	36%
None	7%	14%	66%
None	268%	70%	29%
None	264%	68%	29%
None	25%	-0%	-9%
None	244%	50%	10%
None	None	None	None"	15.4	3.2		イートアンド（2882）、小売りチェーンという事業自体には新規性がなく、IPO的に盛り上がりに欠ける案件ですが、業績が底堅く優秀な企業です。通常であれば、それなりに上昇することが予想されますが、今は震災の影響で気持ちが冷え切っていますので、果たしてどこまで買いを集められるのか。当選を狙うなら、SBI証券、SMBC日興証券、マネックス証券から申し込みが可能となっています。	6月24日（金）	JASDAQスタンダード	"[{""株主名"": ""文野　直樹（社長）"", ""比率"": 42.76, ""ロックアップ"": ""None"", ""isCEO"": true}, {""株主名"": ""（有）ストレート・ツリー・エフ"", ""比率"": 10.86, ""ロックアップ"": ""None"", ""isCEO"": false}, {""株主名"": ""ソウ・ツー"", ""比率"": 6.95, ""ロックアップ"": ""None"", ""isCEO"": false}, {""株主名"": ""社員持ち株会"", ""比率"": 5.36, ""ロックアップ"": ""None"", ""isCEO"": false}, {""株主名"": ""文野　新造"", ""比率"": 5.21, ""ロックアップ"": ""None"", ""isCEO"": false}, {""株主名"": ""文野　千津子"", ""比率"": 3.91, ""ロックアップ"": ""None"", ""isCEO"": false}, {""株主名"": ""仲田　浩康"", ""比率"": 3.1, ""ロックアップ"": ""None"", ""isCEO"": false}, {""株主名"": ""みずほキャピタル"", ""比率"": 2.95, ""ロックアップ"": ""None"", ""isCEO"": false}, {""株主名"": ""サントリービア＆スピリッツ"", ""比率"": 2.95, ""ロックアップ"": ""None"", ""isCEO"": false}, {""株主名"": ""森　孝裕"", ""比率"": 2.56, ""ロックアップ"": ""None"", ""isCEO"": false}]"	"[{""売上高（百万円）"": {""2007年\n3月"": 9760.0, ""2008年\n3月"": 9864.0, ""2009年\n3月"": 10762.0, ""2010年\n3月"": 14644.0}}, {""経常利益（百万円）"": {""2007年\n3月"": 274.0, ""2008年\n3月"": 294.0, ""2009年\n3月"": 335.0, ""2010年\n3月"": 557.0}}, {""当期純利益（百万円）"": {""2007年\n3月"": 25.0, ""2008年\n3月"": 92.0, ""2009年\n3月"": 156.0, ""2010年\n3月"": 201.0}}, {""純資産額\n（百万円）"": {""2007年\n3月"": 828.0, ""2008年\n3月"": 916.0, ""2009年\n3月"": 1062.0, ""2010年\n3月"": 1255.0}}, {""1株あたりの純資産額（円）"": {""2007年\n3月"": 4159.0, ""2008年\n3月"": 4553.0, ""2009年\n3月"": 5281.0, ""2010年\n3月"": 6238.0}}, {""1株あたりの純利益（円）"": {""2007年\n3月"": 127.4, ""2008年\n3月"": 463.17, ""2009年\n3月"": 779.32, ""2010年\n3月"": 1003.0}}, {""自己資本比率（％）"": {""2007年\n3月"": 17.0, ""2008年\n3月"": 21.3, ""2009年\n3月"": 21.2, ""2010年\n3月"": 19.3}}, {""自己資本利益率（％）"": {""2007年\n3月"": 3.08, ""2008年\n3月"": 10.6, ""2009年\n3月"": 15.85, ""2010年\n3月"": 17.42}}]"
ハウスコム	3275			7.1	https://www.ipokiso.com/company/2011/housecom.html	https://irbank.net/3275/ir		http://www.housecom.co.jp/	賃貸建物への入居者の仲介斡旋及びその他付随業務	"売上高（百万円）	6310	6766	7107	7455
経常利益（百万円）	887	696	390	601
当期純利益（百万円）	494	358	166	319
1株あたりの純利益（円）	182521	115	53	103
自己資本比率（％）	35.6	41.1	46.0	47.6
自己資本利益率（％）	55.9	26.3	10.2	17.1
経常利益率（％）	14.1	10.3	5.5	8.1"	"None	7%	5%	5%
None	-22%	-44%	54%
None	-28%	-54%	92%
None	-100%	-53%	92%
None	15%	12%	3%
None	-53%	-61%	68%
None	None	None	None"	5.7	9.5		ハウスコム（3275）、リーマンショック以降、不動産業界に対する評価がいちじるしく低下しているため、なかなか買いが入らないでしょう。加えて、先の震災の影響から、投資マインドも冷え切っており、正直初値が上昇するイメージが持てません。個人的には、リスクを取ってまで当選を狙っていくような案件ではないと思っています。	6月23日（木）	JASDAQスタンダード	"[{""株主名"": ""大東建託"", ""比率"": 64.72, ""ロックアップ"": ""None"", ""isCEO"": false}, {""株主名"": ""社員持ち株会"", ""比率"": 12.85, ""ロックアップ"": ""None"", ""isCEO"": false}, {""株主名"": ""多田　勝美"", ""比率"": 5.02, ""ロックアップ"": ""None"", ""isCEO"": false}, {""株主名"": ""多田　春彦（社長）"", ""比率"": 3.24, ""ロックアップ"": ""None"", ""isCEO"": true}, {""株主名"": ""麻田　守孝"", ""比率"": 1.62, ""ロックアップ"": ""None"", ""isCEO"": false}, {""株主名"": ""中島　敏行"", ""比率"": 0.97, ""ロックアップ"": ""None"", ""isCEO"": false}, {""株主名"": ""稲田　昭夫"", ""比率"": 0.97, ""ロックアップ"": ""None"", ""isCEO"": false}, {""株主名"": ""熊切　直美"", ""比率"": 0.97, ""ロックアップ"": ""None"", ""isCEO"": false}, {""株主名"": ""神　久治"", ""比率"": 0.97, ""ロックアップ"": ""None"", ""isCEO"": false}]"	"[{""売上高（百万円）"": {""2007年\n3月"": 6310.0, ""2008年\n3月"": 6766.0, ""2009年\n3月"": 7107.0, ""2010年\n3月"": 7455.0}}, {""経常利益（百万円）"": {""2007年\n3月"": 887.0, ""2008年\n3月"": 696.0, ""2009年\n3月"": 390.0, ""2010年\n3月"": 601.0}}, {""当期純利益（百万円）"": {""2007年\n3月"": 494.0, ""2008年\n3月"": 358.0, ""2009年\n3月"": 166.0, ""2010年\n3月"": 319.0}}, {""純資産額\n（百万円）"": {""2007年\n3月"": 1183.0, ""2008年\n3月"": 1541.0, ""2009年\n3月"": 1708.0, ""2010年\n3月"": 2027.0}}, {""1株あたりの純資産額（円）"": {""2007年\n3月"": 383124.0, ""2008年\n3月"": 499.02, ""2009年\n3月"": 552.93, ""2010年\n3月"": 656.29}}, {""1株あたりの純利益（円）"": {""2007年\n3月"": 182521.0, ""2008年\n3月"": 115.9, ""2009年\n3月"": 53.91, ""2010年\n3月"": 103.35}}, {""自己資本比率（％）"": {""2007年\n3月"": 35.6, ""2008年\n3月"": 41.1, ""2009年\n3月"": 46.0, ""2010年\n3月"": 47.6}}, {""自己資本利益率（％）"": {""2007年\n3月"": 55.9, ""2008年\n3月"": 26.3, ""2009年\n3月"": 10.2, ""2010年\n3月"": 17.1}}]"
ディジタルメディアプロフェッショナル	3652			25.5	https://www.ipokiso.com/company/2011/dmprof.html	https://irbank.net/3652/ir		http://www.dmprof.com/	グラフィックスプロセッサの開発・販売 、独自開発した3Dグラフィックス技術のライセンス供与等	"売上高（百万円）	105	275	728	892
経常利益（百万円）	296	336	136	188
当期純利益（百万円）	297	337	134	187
1株あたりの純利益（円）	137627	159473	1930	15453
自己資本比率（％）	96.5	95.5	83.6	91.2
自己資本利益率（％）	None	None	17.2	19.7
経常利益率（％）	281.9	122.2	18.7	21.1"	"None	162%	165%	23%
None	14%	-60%	38%
None	13%	-60%	40%
None	16%	-99%	701%
None	-1%	-12%	9%
None	None	None	15%
None	None	None	None"	116.4	111.0		ディジタルメディアプロフェッショナル（3652）、最新のビジネス分野だけに、IPO的にはかなりの盛り上がりを見せそうです。ただ、先の震災の影響から市場が冷え込んでいますので、それがどこまで足を引っ張るかというところでしょうか。さすがに、公募割れするような案件ではないと思うんですが。ネット証券では、カブドットコム証券から申し込みが可能となっています。	6月23日（木）	東証マザーズ	"[{""株主名"": ""日本政策投資銀行"", ""比率"": 12.06, ""ロックアップ"": ""None"", ""isCEO"": false}, {""株主名"": ""池戸　恒雄"", ""比率"": 9.83, ""ロックアップ"": ""None"", ""isCEO"": false}, {""株主名"": ""山本　達夫（社長）"", ""比率"": 8.46, ""ロックアップ"": ""None"", ""isCEO"": true}, {""株主名"": ""Apax Globis Japan Fund"", ""比率"": 7.3, ""ロックアップ"": ""None"", ""isCEO"": false}, {""株主名"": ""日興ニューウェイブ2001"", ""比率"": 4.85, ""ロックアップ"": ""None"", ""isCEO"": false}, {""株主名"": ""三井住友海上C2号"", ""比率"": 4.43, ""ロックアップ"": ""None"", ""isCEO"": false}, {""株主名"": ""三菱ＵＦＪキャピタル"", ""比率"": 4.3, ""ロックアップ"": ""None"", ""isCEO"": false}, {""株主名"": ""アント・リード２号"", ""比率"": 4.12, ""ロックアップ"": ""None"", ""isCEO"": false}, {""株主名"": ""ＤＣＭ III"", ""比率"": 3.57, ""ロックアップ"": ""None"", ""isCEO"": false}, {""株主名"": ""JAIC-アドバンスドテック１号"", ""比率"": 3.18, ""ロックアップ"": ""None"", ""isCEO"": false}]"	"[{""売上高（百万円）"": {""2007年\n3月"": 105.0, ""2008年\n3月"": 275.0, ""2009年\n3月"": 728.0, ""2010年\n3月"": 892.0}}, {""経常利益（百万円）"": {""2007年\n3月"": 296.0, ""2008年\n3月"": 336.0, ""2009年\n3月"": 136.0, ""2010年\n3月"": 188.0}}, {""当期純利益（百万円）"": {""2007年\n3月"": 297.0, ""2008年\n3月"": 337.0, ""2009年\n3月"": 134.0, ""2010年\n3月"": 187.0}}, {""純資産額\n（百万円）"": {""2007年\n3月"": 556.0, ""2008年\n3月"": 719.0, ""2009年\n3月"": 854.0, ""2010年\n3月"": 1041.0}}, {""1株あたりの純資産額（円）"": {""2007年\n3月"": 722323.0, ""2008年\n3月"": 881796.0, ""2009年\n3月"": 883726.0, ""2010年\n3月"": 868272.0}}, {""1株あたりの純利益（円）"": {""2007年\n3月"": 137627.0, ""2008年\n3月"": 159473.0, ""2009年\n3月"": 1930.0, ""2010年\n3月"": 15453.0}}, {""自己資本比率（％）"": {""2007年\n3月"": 96.5, ""2008年\n3月"": 95.5, ""2009年\n3月"": 83.6, ""2010年\n3月"": 91.2}}, {""自己資本利益率（％）"": {""2007年\n3月"": null, ""2008年\n3月"": null, ""2009年\n3月"": 17.2, ""2010年\n3月"": 19.7}}]"
クロタニコーポレーション	3168		56.54	13.0	https://www.ipokiso.com/company/2011/kurotani.html	https://irbank.net/3168/ir		http://www.kurotani.co.jp/	非鉄金属スクラップ、インゴットの製造販売及び美術工芸品の製造販売	"売上高（百万円）	72453	70559	35112	48319
経常利益（百万円）	2193	2041	567	1175
当期純利益（百万円）	914	1150	285	645
1株あたりの純利益（円）	152596	228873	47539	107637
自己資本比率（％）	17.3	21.9	32.2	32.8
自己資本利益率（％）	41.7	35.3	6.9	14.4
経常利益率（％）	3.0	2.9	1.6	2.4"	"None	-3%	-50%	38%
None	-7%	-72%	107%
None	26%	-75%	126%
None	50%	-79%	126%
None	27%	47%	2%
None	-15%	-80%	109%
None	None	None	None"	-5.1	2.5		クロタニコーポレーション（3168）、震災の影響で相場が冷え込んでいるこの時期に、東証2部上場の地味系案件が買われるとは思えません。約3か月ぶりのIPOなだけに、ここで初値が上がらなければ、この先も厳しい展開が予想されます。当選を狙うなら、副幹事のSMBC日興証券、SBI証券、カブドットコム証券から申し込みが可能となっていますが、個人的には回避するのが無難かと思っています。	6月9日（木）	東証マザーズ	"[{""株主名"": ""黒谷 純久（社長）"", ""比率"": 56.54, ""ロックアップ"": ""None"", ""isCEO"": true}, {""株主名"": ""（有）ＫＨプレミアム"", ""比率"": 24.57, ""ロックアップ"": ""None"", ""isCEO"": false}, {""株主名"": ""クロタニコーポレーション"", ""比率"": 13.89, ""ロックアップ"": ""None"", ""isCEO"": false}, {""株主名"": ""黒谷 暁"", ""比率"": 1.43, ""ロックアップ"": ""None"", ""isCEO"": false}, {""株主名"": ""黒谷 昌輝"", ""比率"": 1.43, ""ロックアップ"": ""None"", ""isCEO"": false}, {""株主名"": ""黒谷 春美"", ""比率"": 0.86, ""ロックアップ"": ""None"", ""isCEO"": false}, {""株主名"": ""従業員持ち株会"", ""比率"": 0.4, ""ロックアップ"": ""None"", ""isCEO"": false}, {""株主名"": ""黒谷 祥子"", ""比率"": 0.14, ""ロックアップ"": ""None"", ""isCEO"": false}, {""株主名"": ""井上 亮一"", ""比率"": 0.14, ""ロックアップ"": ""None"", ""isCEO"": false}, {""株主名"": ""鍛治 清高"", ""比率"": 0.14, ""ロックアップ"": ""None"", ""isCEO"": false}]"	"[{""売上高（百万円）"": {""2007年\n8月"": 72453.0, ""2008年\n8月"": 70559.0, ""2009年\n8月"": 35112.0, ""2010年\n8月"": 48319.0}}, {""経常利益（百万円）"": {""2007年\n8月"": 2193.0, ""2008年\n8月"": 2041.0, ""2009年\n8月"": 567.0, ""2010年\n8月"": 1175.0}}, {""当期純利益（百万円）"": {""2007年\n8月"": 914.0, ""2008年\n8月"": 1150.0, ""2009年\n8月"": 285.0, ""2010年\n8月"": 645.0}}, {""純資産額\n（百万円）"": {""2007年\n8月"": 2493.0, ""2008年\n8月"": 4022.0, ""2009年\n8月"": 4209.0, ""2010年\n8月"": 4735.0}}, {""1株あたりの純資産額（円）"": {""2007年\n8月"": 498757.0, ""2008年\n8月"": 670443.0, ""2009年\n8月"": 701635.0, ""2010年\n8月"": 785541.0}}, {""1株あたりの純利益（円）"": {""2007年\n8月"": 152596.0, ""2008年\n8月"": 228873.0, ""2009年\n8月"": 47539.0, ""2010年\n8月"": 107637.0}}, {""自己資本比率（％）"": {""2007年\n8月"": 17.3, ""2008年\n8月"": 21.9, ""2009年\n8月"": 32.2, ""2010年\n8月"": 32.8}}, {""自己資本利益率（％）"": {""2007年\n8月"": 41.7, ""2008年\n8月"": 35.3, ""2009年\n8月"": 6.9, ""2010年\n8月"": 14.4}}]"
ピーエスシー	3649		55.44	18.8	https://www.ipokiso.com/company/2011/findex.html	https://irbank.net/3649/ir		http://findex.co.jp/	医療機関向けソフトウェア製品の企画、開発、販売及びメンテナンスサービスの提供	"売上高（百万円）	668	308	772
経常利益（百万円）	161	41	142
当期純利益（百万円）	91	28	84
1株あたりの純利益（円）	5615	39188	5201
自己資本比率（％）	26.8	10.8	37.6
自己資本利益率（％）	112.2	None	50.0
経常利益率（％）	24.1	13.3	18.4"	"None	-54%	151%
None	-75%	246%
None	-69%	200%
None	598%	-87%
None	-60%	248%
None	None	None
None	None	None"	48.4	18.6		ファインデックス（3649）、医療関連は総じて底堅い買いが入る傾向にありますので、公募割れするような案件ではないと思いますが、初値が上がるイメージも持てません。幸いというか、今回は一般個人にやさしいネット証券での取り扱いもありませんし、スルーするのが無難でしょう。	3月23日（水）	東証マザーズ	"[{""株主名"": ""相原 輝夫（社長）"", ""比率"": 55.44, ""ロックアップ"": ""None"", ""isCEO"": true}, {""株主名"": ""相原 菜月"", ""比率"": 6.52, ""ロックアップ"": ""None"", ""isCEO"": false}, {""株主名"": ""相原 未菜"", ""比率"": 6.52, ""ロックアップ"": ""None"", ""isCEO"": false}, {""株主名"": ""えひめベンチャーファンド2004"", ""比率"": 5.44, ""ロックアップ"": ""None"", ""isCEO"": false}, {""株主名"": ""大阪中小企業投資育成"", ""比率"": 5.44, ""ロックアップ"": ""None"", ""isCEO"": false}, {""株主名"": ""鎌倉 邦光"", ""比率"": 4.35, ""ロックアップ"": ""None"", ""isCEO"": false}, {""株主名"": ""大阪投資育成第4号"", ""比率"": 3.8, ""ロックアップ"": ""None"", ""isCEO"": false}, {""株主名"": ""愛媛銀行"", ""比率"": 1.63, ""ロックアップ"": ""None"", ""isCEO"": false}, {""株主名"": ""沖野 正二"", ""比率"": 1.47, ""ロックアップ"": ""None"", ""isCEO"": false}, {""株主名"": ""鳥飼 治彦"", ""比率"": 1.09, ""ロックアップ"": ""None"", ""isCEO"": false}]"	"[{""売上高（百万円）"": {""2008年\n12月"": 668.0, ""2007年\n12月"": 308.0, ""2009年\n12月"": 772.0}}, {""経常利益（百万円）"": {""2008年\n12月"": 161.0, ""2007年\n12月"": 41.0, ""2009年\n12月"": 142.0}}, {""当期純利益（百万円）"": {""2008年\n12月"": 91.0, ""2007年\n12月"": 28.0, ""2009年\n12月"": 84.0}}, {""純資産額\n（百万円）"": {""2008年\n12月"": 127.0, ""2007年\n12月"": 35.0, ""2009年\n12月"": 212.0}}, {""1株あたりの純資産額（円）"": {""2008年\n12月"": 7812.0, ""2007年\n12月"": 43946.0, ""2009年\n12月"": 13014.0}}, {""1株あたりの純利益（円）"": {""2008年\n12月"": 5615.0, ""2007年\n12月"": 39188.0, ""2009年\n12月"": 5201.0}}, {""自己資本比率（％）"": {""2008年\n12月"": 26.8, ""2007年\n12月"": 10.8, ""2009年\n12月"": 37.6}}, {""自己資本利益率（％）"": {""2008年\n12月"": 112.2, ""2007年\n12月"": null, ""2009年\n12月"": 50.0}}]"
アイ・アールジャパン	6051		85.32	21.4	https://www.ipokiso.com/company/2011/irjapan.html	https://irbank.net/6051/ir		http://www.irjapan.net/	IR・SR活動に専門特化したコンサルティング事業	"売上高（百万円）	None	2841	2454	2114
経常利益（百万円）	8	508	319	501
当期純利益（百万円）	8	240	138	259
1株あたりの純利益（円）	23506	33047	18973	177
自己資本比率（％）	15.8	26.4	41.2	55.4
自己資本利益率（％）	None	80.2	28.2	37.6
経常利益率（％）	None	17.9	13.0	23.7"	"None	None	-14%	-14%
None	6250%	-37%	57%
None	2900%	-42%	88%
None	41%	-43%	-99%
None	67%	56%	34%
None	None	-65%	33%
None	None	None	None"	-13.7	18.2		アイ・アールジャパン（6051）、株主対応支援サービスに特化している珍しい企業ということで、ある程度の注目が集まりそうです。当選本数が少なく、需給的な面ではかなりの好案件ですので、初値の大幅上昇も期待できるでしょう。当選を狙うなら、副幹事のSMBC日興証券、SBI証券から申し込みが可能となっています。	3月18日（金）	JASDAQスタンダード	"[{""株主名"": ""寺下　史郎（社長）"", ""比率"": 85.32, ""ロックアップ"": ""None"", ""isCEO"": true}, {""株主名"": ""金本　哲明"", ""比率"": 3.43, ""ロックアップ"": ""None"", ""isCEO"": false}, {""株主名"": ""従業員持ち株会"", ""比率"": 3.42, ""ロックアップ"": ""None"", ""isCEO"": false}, {""株主名"": ""中島　良文"", ""比率"": 1.37, ""ロックアップ"": ""None"", ""isCEO"": false}, {""株主名"": ""大屋　日出男"", ""比率"": 1.37, ""ロックアップ"": ""None"", ""isCEO"": false}, {""株主名"": ""青山　幸彦"", ""比率"": 0.7, ""ロックアップ"": ""None"", ""isCEO"": false}, {""株主名"": ""稲葉　宏"", ""比率"": 0.69, ""ロックアップ"": ""None"", ""isCEO"": false}, {""株主名"": ""嵯峨山　康夫"", ""比率"": 0.69, ""ロックアップ"": ""None"", ""isCEO"": false}, {""株主名"": ""大橋　貴司"", ""比率"": 0.69, ""ロックアップ"": ""None"", ""isCEO"": false}, {""株主名"": ""皆川　裕"", ""比率"": 0.69, ""ロックアップ"": ""None"", ""isCEO"": false}]"	"[{""売上高（百万円）"": {""2008年\n3月"": null, ""2009年\n3月"": 2841.0, ""2010年\n3月"": 2454.0, ""2011年3月\n（第3四半期）"": 2114.0}}, {""経常利益（百万円）"": {""2008年\n3月"": 8.0, ""2009年\n3月"": 508.0, ""2010年\n3月"": 319.0, ""2011年3月\n（第3四半期）"": 501.0}}, {""当期純利益（百万円）"": {""2008年\n3月"": 8.0, ""2009年\n3月"": 240.0, ""2010年\n3月"": 138.0, ""2011年3月\n（第3四半期）"": 259.0}}, {""純資産額\n（百万円）"": {""2008年\n3月"": 179.0, ""2009年\n3月"": 420.0, ""2010年\n3月"": 559.0, ""2011年3月\n（第3四半期）"": 818.0}}, {""1株あたりの純資産額（円）"": {""2008年\n3月"": 246852.0, ""2009年\n3月"": 57732.0, ""2010年\n3月"": 76705.0, ""2011年3月\n（第3四半期）"": 561.27}}, {""1株あたりの純利益（円）"": {""2008年\n3月"": 23506.0, ""2009年\n3月"": 33047.0, ""2010年\n3月"": 18973.0, ""2011年3月\n（第3四半期）"": 177.85}}, {""自己資本比率（％）"": {""2008年\n3月"": 15.8, ""2009年\n3月"": 26.4, ""2010年\n3月"": 41.2, ""2011年3月\n（第3四半期）"": 55.4}}, {""自己資本利益率（％）"": {""2008年\n3月"": null, ""2009年\n3月"": 80.2, ""2010年\n3月"": 28.2, ""2011年3月\n（第3四半期）"": 37.6}}]"
アイディホーム	3274		39.03	10.5	https://www.ipokiso.com/company/2011/idhome.html	https://irbank.net/3274/ir		http://idhome.co.jp/	戸建分譲、マンション分譲、請負工事及びその他付随業務	"売上高（百万円）	31281	None	33463
経常利益（百万円）	711	None	2092
当期純利益（百万円）	420	None	1238
1株あたりの純利益（円）	None	None	None
自己資本比率（％）	None	None	None
自己資本利益率（％）	None	None	None
経常利益率（％）	2.3	None	6.3"	"None	None	None
None	None	None
None	None	None
None	None	None
None	None	None
None	None	None
None	None	None"		4.3		アイディホーム（3274）、昔ながらの戸建分譲というビジネスモデルには新規性が感じられず、人気化は期待しづらいです。加えて、リーマンショックで投資家が不動産株で痛い目にあったことから、不動産株には買いが入りづらくなっており、なかなか厳しい状況です。当選を狙うなら、SMBC日興証券、SBI証券、カブドットコム証券から申し込みが可能となっていますが、無理に当選を狙うこともないでしょう。	3月15日（火）	JASDAQスタンダード	"[{""株主名"": ""久林　欣也（社長）"", ""比率"": 39.03, ""ロックアップ"": ""None"", ""isCEO"": true}, {""株主名"": ""釜田　卓"", ""比率"": 14.38, ""ロックアップ"": ""None"", ""isCEO"": false}, {""株主名"": ""飯田　一男"", ""比率"": 12.44, ""ロックアップ"": ""None"", ""isCEO"": false}, {""株主名"": ""従業員持ち株会"", ""比率"": 9.82, ""ロックアップ"": ""None"", ""isCEO"": false}, {""株主名"": ""（有）一商事"", ""比率"": 6.91, ""ロックアップ"": ""None"", ""isCEO"": false}, {""株主名"": ""三井住友銀行"", ""比率"": 3.46, ""ロックアップ"": ""None"", ""isCEO"": false}, {""株主名"": ""ＭＷ１号"", ""比率"": 2.7, ""ロックアップ"": ""None"", ""isCEO"": false}, {""株主名"": ""五十嵐　幸造"", ""比率"": 2.07, ""ロックアップ"": ""None"", ""isCEO"": false}, {""株主名"": ""五十嵐　理恵"", ""比率"": 2.07, ""ロックアップ"": ""None"", ""isCEO"": false}, {""株主名"": ""冨田　博文"", ""比率"": 1.67, ""ロックアップ"": ""None"", ""isCEO"": false}]"	"[{""売上高（百万円）"": {""2008年\n12月"": 31281.0, ""2007年\n12月"": null, ""2009年\n12月"": 33463.0}}, {""経常利益（百万円）"": {""2008年\n12月"": 711.0, ""2007年\n12月"": null, ""2009年\n12月"": 2092.0}}, {""当期純利益（百万円）"": {""2008年\n12月"": 420.0, ""2007年\n12月"": null, ""2009年\n12月"": 1238.0}}, {""純資産額\n（百万円）"": {""2008年\n12月"": null, ""2007年\n12月"": null, ""2009年\n12月"": null}}, {""1株あたりの純資産額（円）"": {""2008年\n12月"": null, ""2007年\n12月"": null, ""2009年\n12月"": null}}, {""1株あたりの純利益（円）"": {""2008年\n12月"": null, ""2007年\n12月"": null, ""2009年\n12月"": null}}, {""自己資本比率（％）"": {""2008年\n12月"": null, ""2007年\n12月"": null, ""2009年\n12月"": null}}, {""自己資本利益率（％）"": {""2008年\n12月"": null, ""2007年\n12月"": null, ""2009年\n12月"": null}}]"
島根銀行	7150			4.5	https://www.ipokiso.com/company/2011/shimagin.html	https://irbank.net/7150/ir		http://www.shimagin.co.jp/	銀行業	"売上高（百万円）	10027	10404	10970	10451
経常利益（百万円）	644	3613	754	1169
当期純利益（百万円）	389	3959	470	662
1株あたりの純利益（円）	8	85	10	14
自己資本比率（％）	4.7	3.3	2.8	3.9
自己資本利益率（％）	2.5	None	4.5	5.9
経常利益率（％）	6.4	34.7	6.9	11.2"	"None	4%	5%	-5%
None	461%	-79%	55%
None	918%	-88%	41%
None	916%	-88%	41%
None	-30%	-15%	37%
None	None	None	30%
None	None	None	None"	1.5	14.8		島根銀行（7150）、さすがに地方銀行の上場では盛り上がることはないでしょう。IPOで得た資金も、中小企業への貸し出しに使われるということで、将来に対する期待もありません。ただ、割安性だけは際立っていますので、それなりに初値が上昇することになりそうです。当選を狙うなら、SMBC日興証券、マネックス証券、カブドットコム証券、松井証券、楽天証券から申し込みが可能となっています。	3月15日（火）	東証2部	"[{""株主名"": ""日本トラスティ・サービス信託銀行(信託口4)"", ""比率"": 6.41, ""ロックアップ"": ""None"", ""isCEO"": false}, {""株主名"": ""職員持ち株会"", ""比率"": 3.84, ""ロックアップ"": ""None"", ""isCEO"": false}, {""株主名"": ""全国保証"", ""比率"": 1.86, ""ロックアップ"": ""None"", ""isCEO"": false}, {""株主名"": ""富士通"", ""比率"": 1.71, ""ロックアップ"": ""None"", ""isCEO"": false}, {""株主名"": ""あいおいニッセイ同和損害保険"", ""比率"": 0.81, ""ロックアップ"": ""None"", ""isCEO"": false}, {""株主名"": ""もみじ銀行"", ""比率"": 0.79, ""ロックアップ"": ""None"", ""isCEO"": false}, {""株主名"": ""損害保険ジャパン"", ""比率"": 0.71, ""ロックアップ"": ""None"", ""isCEO"": false}, {""株主名"": ""パッケージ中沢"", ""比率"": 0.65, ""ロックアップ"": ""None"", ""isCEO"": false}, {""株主名"": ""日本興亜損害保険"", ""比率"": 0.62, ""ロックアップ"": ""None"", ""isCEO"": false}, {""株主名"": ""須山木材"", ""比率"": 0.56, ""ロックアップ"": ""None"", ""isCEO"": false}]"	"[{""売上高（百万円）"": {""2006年\n3月"": 10027.0, ""2007年\n3月"": 10404.0, ""2008年\n3月"": 10970.0, ""2009年\n3月"": 10451.0}}, {""経常利益（百万円）"": {""2006年\n3月"": 644.0, ""2007年\n3月"": 3613.0, ""2008年\n3月"": 754.0, ""2009年\n3月"": 1169.0}}, {""当期純利益（百万円）"": {""2006年\n3月"": 389.0, ""2007年\n3月"": 3959.0, ""2008年\n3月"": 470.0, ""2009年\n3月"": 662.0}}, {""純資産額\n（百万円）"": {""2006年\n3月"": 335524.0, ""2007年\n3月"": 338890.0, ""2008年\n3月"": 332060.0, ""2009年\n3月"": 335003.0}}, {""1株あたりの純資産額（円）"": {""2006年\n3月"": 340.48, ""2007年\n3月"": 242.2, ""2008年\n3月"": 202.98, ""2009年\n3月"": 279.66}}, {""1株あたりの純利益（円）"": {""2006年\n3月"": 8.39, ""2007年\n3月"": 85.24, ""2008年\n3月"": 10.13, ""2009年\n3月"": 14.26}}, {""自己資本比率（％）"": {""2006年\n3月"": 4.71, ""2007年\n3月"": 3.31, ""2008年\n3月"": 2.83, ""2009年\n3月"": 3.87}}, {""自己資本利益率（％）"": {""2006年\n3月"": 2.5, ""2007年\n3月"": null, ""2008年\n3月"": 4.55, ""2009年\n3月"": 5.91}}]"
カルビー	2229			16.6	https://www.ipokiso.com/company/2011/calbee.html	https://irbank.net/2229/ir		http://www.calbee.co.jp/	菓子・食品の製造・販売	"売上高（百万円）	102276	109669	137377	146452
経常利益（百万円）	2434	1032	4465	9539
当期純利益（百万円）	1698	211	2523	4017
1株あたりの純利益（円）	3306	410	4914	7201
自己資本比率（％）	58.4	54.3	56.0	65.2
自己資本利益率（％）	3.6	0.4	5.0	7.1
経常利益率（％）	2.4	0.9	3.3	6.5"	"None	7%	25%	7%
None	-58%	333%	114%
None	-88%	1096%	59%
None	-88%	1096%	47%
None	-7%	3%	16%
None	-89%	1150%	42%
None	None	None	None"	13.0	3.3		カルビー（2229）、国民的お菓子といえる「カルビーのポテトチップス」をはじめ、人気お菓子をたくさん生み出しているメーカーです。株主優待を期待した個人の買いも多く入ることが予想され、それなりの初値上昇を見せてくれるのではないでしょうか。ネット証券では、SBI証券から申し込みが可能となっていますので、当選を狙っていきましょう。	3月11日（金）	東証1部	"[{""株主名"": ""一般社団法人幹の会信託口"", ""比率"": 22.94, ""ロックアップ"": ""None"", ""isCEO"": false}, {""株主名"": ""FRITO-LAY GLOBAL INVESTMENTS"", ""比率"": 20.03, ""ロックアップ"": ""None"", ""isCEO"": false}, {""株主名"": ""従業員持ち株会"", ""比率"": 6.47, ""ロックアップ"": ""None"", ""isCEO"": false}, {""株主名"": ""みずほ銀行"", ""比率"": 1.79, ""ロックアップ"": ""None"", ""isCEO"": false}, {""株主名"": ""住友信託銀行"", ""比率"": 1.79, ""ロックアップ"": ""None"", ""isCEO"": false}, {""株主名"": ""三共ポリエチレン"", ""比率"": 1.7, ""ロックアップ"": ""None"", ""isCEO"": false}, {""株主名"": ""大日本印刷"", ""比率"": 1.66, ""ロックアップ"": ""None"", ""isCEO"": false}, {""株主名"": ""広島銀行"", ""比率"": 1.63, ""ロックアップ"": ""None"", ""isCEO"": false}, {""株主名"": ""鳥越製粉"", ""比率"": 1.58, ""ロックアップ"": ""None"", ""isCEO"": false}, {""株主名"": ""理研ビタミン"", ""比率"": 1.41, ""ロックアップ"": ""None"", ""isCEO"": false}]"	"[{""売上高（百万円）"": {""2007年\n3月"": 102276.0, ""2008年\n3月"": 109669.0, ""2009年\n3月"": 137377.0, ""2010年\n3月"": 146452.0}}, {""経常利益（百万円）"": {""2007年\n3月"": 2434.0, ""2008年\n3月"": 1032.0, ""2009年\n3月"": 4465.0, ""2010年\n3月"": 9539.0}}, {""当期純利益（百万円）"": {""2007年\n3月"": 1698.0, ""2008年\n3月"": 211.0, ""2009年\n3月"": 2523.0, ""2010年\n3月"": 4017.0}}, {""純資産額\n（百万円）"": {""2007年\n3月"": 48063.0, ""2008年\n3月"": 47637.0, ""2009年\n3月"": 92169.0, ""2010年\n3月"": 93657.0}}, {""1株あたりの純資産額（円）"": {""2007年\n3月"": 93588.0, ""2008年\n3月"": 92758.0, ""2009年\n3月"": 100446.0, ""2010年\n3月"": 105888.0}}, {""1株あたりの純利益（円）"": {""2007年\n3月"": 3306.0, ""2008年\n3月"": 410.87, ""2009年\n3月"": 4914.0, ""2010年\n3月"": 7201.0}}, {""自己資本比率（％）"": {""2007年\n3月"": 58.4, ""2008年\n3月"": 54.3, ""2009年\n3月"": 56.0, ""2010年\n3月"": 65.2}}, {""自己資本利益率（％）"": {""2007年\n3月"": 3.6, ""2008年\n3月"": 0.4, ""2009年\n3月"": 5.0, ""2010年\n3月"": 7.1}}]"
AGS	3648			9.6	https://www.ipokiso.com/company/2011/ags.html	https://irbank.net/3648/ir		http://www.ags.co.jp/		"売上高（百万円）	15728	14868	17921	17078
経常利益（百万円）	717	1051	1175	893
当期純利益（百万円）	684	504	389	484
1株あたりの純利益（円）	855	630	487	121
自己資本比率（％）	58.2	68.2	56.1	60.0
自己資本利益率（％）	11.4	8.3	5.4	6.4
経常利益率（％）	4.6	7.1	6.6	5.2"	"None	-5%	21%	-5%
None	47%	12%	-24%
None	-26%	-23%	24%
None	-26%	-23%	-75%
None	17%	-18%	7%
None	-27%	-35%	19%
None	None	None	None"	3.5	5.9		AGS（3648）、情報処理サービス、ソフトウェア開発というビジネスモデルに関しては、とくに真新しさはありません。加えて、業績も頭打ち気味で、想定価格に対するPERが100培近くあり、割安性もありません。このような状況では、なかなか初値上昇を期待することはむずかしいです。当選を狙うなら、むさし証券、SMBC日興証券、SBI証券、カブドットコム証券、マネックス証券から申し込みが可能となっています。	3月11日（金）	東証2部	"[{""株主名"": ""社員持株ち会"", ""比率"": 9.42, ""ロックアップ"": ""None"", ""isCEO"": false}, {""株主名"": ""大栄不動産"", ""比率"": 8.0, ""ロックアップ"": ""None"", ""isCEO"": false}, {""株主名"": ""富士通"", ""比率"": 7.5, ""ロックアップ"": ""None"", ""isCEO"": false}, {""株主名"": ""リズム時計工業"", ""比率"": 7.5, ""ロックアップ"": ""None"", ""isCEO"": false}, {""株主名"": ""富士倉庫運輸"", ""比率"": 6.25, ""ロックアップ"": ""None"", ""isCEO"": false}, {""株主名"": ""富士通システムソリューションズ"", ""比率"": 6.0, ""ロックアップ"": ""None"", ""isCEO"": false}, {""株主名"": ""りそな銀行"", ""比率"": 5.0, ""ロックアップ"": ""None"", ""isCEO"": false}, {""株主名"": ""日新火災海上保険"", ""比率"": 3.75, ""ロックアップ"": ""None"", ""isCEO"": false}, {""株主名"": ""埼玉県民共済生活協同組合"", ""比率"": 3.75, ""ロックアップ"": ""None"", ""isCEO"": false}, {""株主名"": ""ティー・アイ・シー"", ""比率"": 3.75, ""ロックアップ"": ""None"", ""isCEO"": false}, {""株主名"": ""ジェイエスキューブ"", ""比率"": 3.75, ""ロックアップ"": ""None"", ""isCEO"": false}]"	"[{""売上高（百万円）"": {""2007年\n3月"": 15728.0, ""2008年\n3月"": 14868.0, ""2009年\n3月"": 17921.0, ""2010年\n3月"": 17078.0}}, {""経常利益（百万円）"": {""2007年\n3月"": 717.0, ""2008年\n3月"": 1051.0, ""2009年\n3月"": 1175.0, ""2010年\n3月"": 893.0}}, {""当期純利益（百万円）"": {""2007年\n3月"": 684.0, ""2008年\n3月"": 504.0, ""2009年\n3月"": 389.0, ""2010年\n3月"": 484.0}}, {""純資産額\n（百万円）"": {""2007年\n3月"": 6015.0, ""2008年\n3月"": 6221.0, ""2009年\n3月"": 7814.0, ""2010年\n3月"": 8258.0}}, {""1株あたりの純資産額（円）"": {""2007年\n3月"": 7519.0, ""2008年\n3月"": 7776.0, ""2009年\n3月"": 9098.0, ""2010年\n3月"": 1939.0}}, {""1株あたりの純利益（円）"": {""2007年\n3月"": 855.36, ""2008年\n3月"": 630.99, ""2009年\n3月"": 487.3, ""2010年\n3月"": 121.13}}, {""自己資本比率（％）"": {""2007年\n3月"": 58.2, ""2008年\n3月"": 68.2, ""2009年\n3月"": 56.1, ""2010年\n3月"": 60.0}}, {""自己資本利益率（％）"": {""2007年\n3月"": 11.4, ""2008年\n3月"": 8.3, ""2009年\n3月"": 5.4, ""2010年\n3月"": 6.4}}]"
駅探	3646			17.3	https://www.ipokiso.com/company/2011/ekitan.html	https://irbank.net/3646/ir		http://ekitan.co.jp/	モバイルサイト「駅探★乗換案内」及びASPサービスにおける乗換案内情報の提供等	"売上高（百万円）	2058	1983	2118	2429
経常利益（百万円）	333	328	290	511
当期純利益（百万円）	191	179	156	277
1株あたりの純利益（円）	11533	10916	9640	17002
自己資本比率（％）	72.3	72.4	76.6	74.7
自己資本利益率（％）	25.2	19.8	15.0	21.8
経常利益率（％）	16.2	16.5	13.7	21.0"	"None	-4%	7%	15%
None	-2%	-12%	76%
None	-6%	-13%	78%
None	-5%	-12%	76%
None	0%	6%	-2%
None	-21%	-24%	45%
None	None	None	None"	5.9	16.9		駅探（3646）、「マザーズ上場」「小型」「ネット系サービス」と、IPOで盛り上がる3条件を満たしています。加えて、2011年最初の案件ということで、買いが入りやすくなっており、初値高騰が期待されます。ネット証券では、SBI証券、マネックス証券から申し込みが可能となっていますので、積極的に当選を狙っていきましょう。	3月3日（木）	東証マザーズ	"[{""株主名"": ""ポラリス第一号"", ""比率"": 60.99, ""ロックアップ"": ""None"", ""isCEO"": false}, {""株主名"": ""フジ・メディア・ホールディングス"", ""比率"": 13.21, ""ロックアップ"": ""None"", ""isCEO"": false}, {""株主名"": ""インクリメント・ピー"", ""比率"": 8.64, ""ロックアップ"": ""None"", ""isCEO"": false}, {""株主名"": ""駅探"", ""比率"": 5.87, ""ロックアップ"": ""None"", ""isCEO"": false}, {""株主名"": ""東芝"", ""比率"": 4.73, ""ロックアップ"": ""None"", ""isCEO"": false}, {""株主名"": ""中村 太郎"", ""比率"": 2.67, ""ロックアップ"": ""None"", ""isCEO"": false}, {""株主名"": ""唐崎 幸弘"", ""比率"": 0.98, ""ロックアップ"": ""None"", ""isCEO"": false}, {""株主名"": ""秦野 元秀"", ""比率"": 0.97, ""ロックアップ"": ""None"", ""isCEO"": false}, {""株主名"": ""田中 克己"", ""比率"": 0.97, ""ロックアップ"": ""None"", ""isCEO"": false}, {""株主名"": ""大城 敦之"", ""比率"": 0.97, ""ロックアップ"": ""None"", ""isCEO"": false}]"	"[{""売上高（百万円）"": {""2007年\n3月"": 2058.0, ""2008年\n3月"": 1983.0, ""2009年\n3月"": 2118.0, ""2010年\n3月"": 2429.0}}, {""経常利益（百万円）"": {""2007年\n3月"": 333.0, ""2008年\n3月"": 328.0, ""2009年\n3月"": 290.0, ""2010年\n3月"": 511.0}}, {""当期純利益（百万円）"": {""2007年\n3月"": 191.0, ""2008年\n3月"": 179.0, ""2009年\n3月"": 156.0, ""2010年\n3月"": 277.0}}, {""純資産額\n（百万円）"": {""2007年\n3月"": 855.0, ""2008年\n3月"": 960.0, ""2009年\n3月"": 1134.0, ""2010年\n3月"": 1411.0}}, {""1株あたりの純資産額（円）"": {""2007年\n3月"": 51471.0, ""2008年\n3月"": 59198.0, ""2009年\n3月"": 69544.0, ""2010年\n3月"": 86547.0}}, {""1株あたりの純利益（円）"": {""2007年\n3月"": 11533.0, ""2008年\n3月"": 10916.0, ""2009年\n3月"": 9640.0, ""2010年\n3月"": 17002.0}}, {""自己資本比率（％）"": {""2007年\n3月"": 72.3, ""2008年\n3月"": 72.4, ""2009年\n3月"": 76.6, ""2010年\n3月"": 74.7}}, {""自己資本利益率（％）"": {""2007年\n3月"": 25.2, ""2008年\n3月"": 19.8, ""2009年\n3月"": 15.0, ""2010年\n3月"": 21.8}}]"
